date,temp_max,temp_min,year_month,year
2020-01-01,31.1,20.3,2020-01,2020
2020-01-02,28.0,19.8,2020-01,2020
2020-01-03,23.7,18.0,2020-01,2020
2020-01-04,24.7,17.6,2020-01,2020
2020-01-05,24.0,17.0,2020-01,2020
2020-01-06,27.8,18.1,2020-01,2020
2020-01-07,29.9,19.9,2020-01,2020
2020-01-08,28.1,20.8,2020-01,2020
2020-01-09,27.0,20.9,2020-01,2020
2020-01-10,28.8,21.4,2020-01,2020
2020-01-11,30.2,22.3,2020-01,2020
2020-01-12,25.5,20.9,2020-01,2020
2020-01-13,24.0,19.4,2020-01,2020
2020-01-14,25.0,18.8,2020-01,2020
2020-01-15,29.4,18.6,2020-01,2020
2020-01-16,31.2,20.6,2020-01,2020
2020-01-17,21.7,17.2,2020-01,2020
2020-01-18,23.3,17.4,2020-01,2020
2020-01-19,25.1,17.5,2020-01,2020
2020-01-20,24.2,17.5,2020-01,2020
2020-01-21,26.0,14.8,2020-01,2020
2020-01-22,25.0,15.9,2020-01,2020
2020-01-23,21.7,16.7,2020-01,2020
2020-01-24,22.2,16.1,2020-01,2020
2020-01-25,25.5,15.9,2020-01,2020
2020-01-26,28.2,14.3,2020-01,2020
2020-01-27,30.4,15.0,2020-01,2020
2020-01-28,30.3,17.2,2020-01,2020
2020-01-29,29.0,18.9,2020-01,2020
2020-01-30,28.4,21.4,2020-01,2020
2020-01-31,28.2,21.4,2020-01,2020
2020-02-01,27.2,20.6,2020-02,2020
2020-02-02,25.9,19.4,2020-02,2020
2020-02-03,24.2,18.6,2020-02,2020
2020-02-04,25.4,18.7,2020-02,2020
2020-02-05,26.2,19.0,2020-02,2020
2020-02-06,26.0,18.6,2020-02,2020
2020-02-07,27.1,19.3,2020-02,2020
2020-02-08,28.2,18.7,2020-02,2020
2020-02-09,27.3,20.6,2020-02,2020
2020-02-10,21.9,17.7,2020-02,2020
2020-02-11,21.4,16.9,2020-02,2020
2020-02-12,21.5,15.9,2020-02,2020
2020-02-13,24.4,17.4,2020-02,2020
2020-02-14,26.3,17.6,2020-02,2020
2020-02-15,28.7,16.8,2020-02,2020
2020-02-16,29.8,18.6,2020-02,2020
2020-02-17,29.7,19.9,2020-02,2020
2020-02-18,29.6,20.2,2020-02,2020
2020-02-19,29.1,21.1,2020-02,2020
2020-02-20,28.8,20.5,2020-02,2020
2020-02-21,23.9,19.6,2020-02,2020
2020-02-22,19.8,16.5,2020-02,2020
2020-02-23,21.4,15.2,2020-02,2020
2020-02-24,25.4,16.1,2020-02,2020
2020-02-25,27.5,18.0,2020-02,2020
2020-02-26,24.7,19.9,2020-02,2020
2020-02-27,20.6,16.3,2020-02,2020
2020-02-28,21.0,16.1,2020-02,2020
2020-02-29,22.3,17.6,2020-02,2020
2020-03-01,22.1,17.7,2020-03,2020
2020-03-02,23.6,16.7,2020-03,2020
2020-03-03,22.7,15.4,2020-03,2020
2020-03-04,23.0,16.0,2020-03,2020
2020-03-05,23.8,16.2,2020-03,2020
2020-03-06,23.8,14.3,2020-03,2020
2020-03-07,24.5,15.5,2020-03,2020
2020-03-08,25.1,14.9,2020-03,2020
2020-03-09,25.3,16.8,2020-03,2020
2020-03-10,27.0,17.4,2020-03,2020
2020-03-11,26.9,16.6,2020-03,2020
2020-03-12,27.4,16.9,2020-03,2020
2020-03-13,28.5,16.8,2020-03,2020
2020-03-14,27.8,17.9,2020-03,2020
2020-03-15,29.5,18.3,2020-03,2020
2020-03-16,29.5,19.5,2020-03,2020
2020-03-17,29.1,19.1,2020-03,2020
2020-03-18,29.1,18.7,2020-03,2020
2020-03-19,27.8,19.9,2020-03,2020
2020-03-20,25.3,19.6,2020-03,2020
2020-03-21,22.5,16.9,2020-03,2020
2020-03-22,24.1,15.4,2020-03,2020
2020-03-23,24.0,15.4,2020-03,2020
2020-03-24,22.7,14.5,2020-03,2020
2020-03-25,23.8,13.7,2020-03,2020
2020-03-26,24.5,12.8,2020-03,2020
2020-03-27,25.6,14.7,2020-03,2020
2020-03-28,26.3,16.5,2020-03,2020
2020-03-29,26.1,16.9,2020-03,2020
2020-03-30,25.7,17.3,2020-03,2020
2020-03-31,26.2,17.8,2020-03,2020
2020-04-01,26.4,17.7,2020-04,2020
2020-04-02,28.3,18.7,2020-04,2020
2020-04-03,26.1,15.7,2020-04,2020
2020-04-04,23.6,14.0,2020-04,2020
2020-04-05,25.5,15.8,2020-04,2020
2020-04-06,29.6,16.2,2020-04,2020
2020-04-07,24.1,17.8,2020-04,2020
2020-04-08,21.0,15.2,2020-04,2020
2020-04-09,21.3,13.1,2020-04,2020
2020-04-10,22.6,12.3,2020-04,2020
2020-04-11,21.9,13.5,2020-04,2020
2020-04-12,23.5,14.4,2020-04,2020
2020-04-13,24.8,13.3,2020-04,2020
2020-04-14,24.5,15.6,2020-04,2020
2020-04-15,25.9,16.7,2020-04,2020
2020-04-16,26.6,15.8,2020-04,2020
2020-04-17,21.5,14.3,2020-04,2020
2020-04-18,22.7,14.1,2020-04,2020
2020-04-19,23.7,15.1,2020-04,2020
2020-04-20,24.3,15.2,2020-04,2020
2020-04-21,24.9,13.4,2020-04,2020
2020-04-22,24.9,14.7,2020-04,2020
2020-04-23,25.2,14.5,2020-04,2020
2020-04-24,26.3,16.0,2020-04,2020
2020-04-25,28.0,16.1,2020-04,2020
2020-04-26,26.9,14.1,2020-04,2020
2020-04-27,24.7,14.9,2020-04,2020
2020-04-28,25.8,14.2,2020-04,2020
2020-04-29,26.2,14.4,2020-04,2020
2020-04-30,26.5,14.8,2020-04,2020
2020-05-01,26.5,14.0,2020-05,2020
2020-05-02,25.2,16.0,2020-05,2020
2020-05-03,21.0,12.3,2020-05,2020
2020-05-04,23.5,11.8,2020-05,2020
2020-05-05,26.7,11.9,2020-05,2020
2020-05-06,26.5,15.0,2020-05,2020
2020-05-07,16.5,12.4,2020-05,2020
2020-05-08,18.9,11.6,2020-05,2020
2020-05-09,21.3,12.5,2020-05,2020
2020-05-10,23.2,10.8,2020-05,2020
2020-05-11,23.4,10.8,2020-05,2020
2020-05-12,24.8,10.0,2020-05,2020
2020-05-13,23.8,11.9,2020-05,2020
2020-05-14,21.4,15.3,2020-05,2020
2020-05-15,17.2,13.8,2020-05,2020
2020-05-16,22.1,12.8,2020-05,2020
2020-05-17,23.1,9.7,2020-05,2020
2020-05-18,23.5,10.6,2020-05,2020
2020-05-19,23.4,14.1,2020-05,2020
2020-05-20,24.0,14.4,2020-05,2020
2020-05-21,25.5,13.0,2020-05,2020
2020-05-22,26.2,15.8,2020-05,2020
2020-05-23,22.4,15.9,2020-05,2020
2020-05-24,16.8,10.6,2020-05,2020
2020-05-25,18.4,9.9,2020-05,2020
2020-05-26,18.9,8.9,2020-05,2020
2020-05-27,19.9,8.0,2020-05,2020
2020-05-28,19.9,7.3,2020-05,2020
2020-05-29,24.3,8.6,2020-05,2020
2020-05-30,24.8,8.9,2020-05,2020
2020-05-31,23.2,10.6,2020-05,2020
2020-06-01,24.9,11.6,2020-06,2020
2020-06-02,18.0,14.3,2020-06,2020
2020-06-03,20.6,14.3,2020-06,2020
2020-06-04,21.2,15.9,2020-06,2020
2020-06-05,23.4,16.6,2020-06,2020
2020-06-06,24.9,16.9,2020-06,2020
2020-06-07,23.8,16.7,2020-06,2020
2020-06-08,23.7,13.9,2020-06,2020
2020-06-09,25.5,15.8,2020-06,2020
2020-06-10,26.3,17.9,2020-06,2020
2020-06-11,26.9,18.2,2020-06,2020
2020-06-12,26.9,14.0,2020-06,2020
2020-06-13,27.1,14.1,2020-06,2020
2020-06-14,17.7,14.6,2020-06,2020
2020-06-15,20.6,14.4,2020-06,2020
2020-06-16,22.6,14.1,2020-06,2020
2020-06-17,22.8,14.5,2020-06,2020
2020-06-18,23.8,12.2,2020-06,2020
2020-06-19,24.8,13.7,2020-06,2020
2020-06-20,26.4,12.5,2020-06,2020
2020-06-21,26.7,14.0,2020-06,2020
2020-06-22,25.7,14.4,2020-06,2020
2020-06-23,24.7,14.0,2020-06,2020
2020-06-24,25.0,11.7,2020-06,2020
2020-06-25,26.4,14.4,2020-06,2020
2020-06-26,20.5,15.1,2020-06,2020
2020-06-27,15.6,13.3,2020-06,2020
2020-06-28,16.3,12.6,2020-06,2020
2020-06-29,19.9,13.1,2020-06,2020
2020-06-30,22.9,13.0,2020-06,2020
2020-07-01,19.3,10.3,2020-07,2020
2020-07-02,17.9,6.7,2020-07,2020
2020-07-03,17.3,10.1,2020-07,2020
2020-07-04,22.9,10.3,2020-07,2020
2020-07-05,25.0,11.2,2020-07,2020
2020-07-06,25.1,14.9,2020-07,2020
2020-07-07,27.0,14.9,2020-07,2020
2020-07-08,25.6,16.4,2020-07,2020
2020-07-09,21.8,13.2,2020-07,2020
2020-07-10,22.2,10.5,2020-07,2020
2020-07-11,25.8,12.9,2020-07,2020
2020-07-12,26.3,14.9,2020-07,2020
2020-07-13,27.0,15.5,2020-07,2020
2020-07-14,19.1,13.7,2020-07,2020
2020-07-15,15.9,12.5,2020-07,2020
2020-07-16,22.3,12.5,2020-07,2020
2020-07-17,23.7,12.0,2020-07,2020
2020-07-18,24.2,14.0,2020-07,2020
2020-07-19,23.7,12.0,2020-07,2020
2020-07-20,24.3,11.9,2020-07,2020
2020-07-21,25.5,11.6,2020-07,2020
2020-07-22,25.3,13.9,2020-07,2020
2020-07-23,26.3,13.3,2020-07,2020
2020-07-24,25.9,12.5,2020-07,2020
2020-07-25,27.1,13.7,2020-07,2020
2020-07-26,19.8,14.7,2020-07,2020
2020-07-27,27.1,14.4,2020-07,2020
2020-07-28,27.7,15.3,2020-07,2020
2020-07-29,18.1,13.6,2020-07,2020
2020-07-30,16.3,12.7,2020-07,2020
2020-07-31,21.2,12.7,2020-07,2020
2020-08-01,21.9,12.7,2020-08,2020
2020-08-02,22.4,13.2,2020-08,2020
2020-08-03,22.4,12.7,2020-08,2020
2020-08-04,22.7,10.6,2020-08,2020
2020-08-05,23.0,11.0,2020-08,2020
2020-08-06,23.6,10.9,2020-08,2020
2020-08-07,24.3,9.6,2020-08,2020
2020-08-08,25.1,11.1,2020-08,2020
2020-08-09,24.8,13.3,2020-08,2020
2020-08-10,26.4,11.9,2020-08,2020
2020-08-11,26.8,14.1,2020-08,2020
2020-08-12,28.3,12.4,2020-08,2020
2020-08-13,30.2,15.7,2020-08,2020
2020-08-14,28.6,18.1,2020-08,2020
2020-08-15,24.0,16.2,2020-08,2020
2020-08-16,20.5,15.9,2020-08,2020
2020-08-17,20.2,16.1,2020-08,2020
2020-08-18,19.0,15.8,2020-08,2020
2020-08-19,25.1,15.5,2020-08,2020
2020-08-20,16.6,12.4,2020-08,2020
2020-08-21,12.3,8.6,2020-08,2020
2020-08-22,13.4,8.2,2020-08,2020
2020-08-23,17.1,8.1,2020-08,2020
2020-08-24,17.9,9.4,2020-08,2020
2020-08-25,17.5,7.9,2020-08,2020
2020-08-26,20.4,6.9,2020-08,2020
2020-08-27,24.0,10.4,2020-08,2020
2020-08-28,26.7,13.3,2020-08,2020
2020-08-29,28.0,14.4,2020-08,2020
2020-08-30,29.1,14.8,2020-08,2020
2020-08-31,23.3,15.8,2020-08,2020
2020-09-01,21.3,16.3,2020-09,2020
2020-09-02,25.0,15.5,2020-09,2020
2020-09-03,28.6,15.8,2020-09,2020
2020-09-04,30.9,16.4,2020-09,2020
2020-09-05,29.5,16.0,2020-09,2020
2020-09-06,30.6,14.6,2020-09,2020
2020-09-07,27.1,16.8,2020-09,2020
2020-09-08,28.2,15.6,2020-09,2020
2020-09-09,29.7,15.7,2020-09,2020
2020-09-10,33.0,16.6,2020-09,2020
2020-09-11,32.8,17.0,2020-09,2020
2020-09-12,33.0,19.8,2020-09,2020
2020-09-13,32.7,18.2,2020-09,2020
2020-09-14,32.3,17.8,2020-09,2020
2020-09-15,20.5,15.4,2020-09,2020
2020-09-16,31.2,15.3,2020-09,2020
2020-09-17,32.5,16.7,2020-09,2020
2020-09-18,28.4,15.8,2020-09,2020
2020-09-19,31.4,18.8,2020-09,2020
2020-09-20,20.4,15.7,2020-09,2020
2020-09-21,18.4,14.0,2020-09,2020
2020-09-22,15.6,13.6,2020-09,2020
2020-09-23,21.0,13.5,2020-09,2020
2020-09-24,24.7,13.7,2020-09,2020
2020-09-25,26.7,13.9,2020-09,2020
2020-09-26,31.2,16.0,2020-09,2020
2020-09-27,33.9,15.6,2020-09,2020
2020-09-28,29.9,19.7,2020-09,2020
2020-09-29,25.9,17.7,2020-09,2020
2020-09-30,35.0,17.8,2020-09,2020
2020-10-01,35.8,18.4,2020-10,2020
2020-10-02,37.5,22.0,2020-10,2020
2020-10-03,27.6,19.3,2020-10,2020
2020-10-04,23.4,18.4,2020-10,2020
2020-10-05,34.8,18.2,2020-10,2020
2020-10-06,36.2,20.1,2020-10,2020
2020-10-07,38.4,18.6,2020-10,2020
2020-10-08,31.5,18.8,2020-10,2020
2020-10-09,22.0,18.0,2020-10,2020
2020-10-10,22.8,13.5,2020-10,2020
2020-10-11,23.1,11.4,2020-10,2020
2020-10-12,26.5,11.9,2020-10,2020
2020-10-13,31.4,14.8,2020-10,2020
2020-10-14,32.4,17.3,2020-10,2020
2020-10-15,20.5,15.7,2020-10,2020
2020-10-16,18.8,14.4,2020-10,2020
2020-10-17,19.9,12.9,2020-10,2020
2020-10-18,24.9,14.8,2020-10,2020
2020-10-19,27.8,16.6,2020-10,2020
2020-10-20,27.3,17.4,2020-10,2020
2020-10-21,24.8,16.2,2020-10,2020
2020-10-22,24.4,15.9,2020-10,2020
2020-10-23,27.2,15.8,2020-10,2020
2020-10-24,24.2,17.1,2020-10,2020
2020-10-25,25.5,16.7,2020-10,2020
2020-10-26,26.1,15.8,2020-10,2020
2020-10-27,29.5,16.5,2020-10,2020
2020-10-28,32.1,17.3,2020-10,2020
2020-10-29,32.5,16.9,2020-10,2020
2020-10-30,18.9,15.0,2020-10,2020
2020-10-31,18.1,14.4,2020-10,2020
2020-11-01,16.7,12.2,2020-11,2020
2020-11-02,18.7,11.4,2020-11,2020
2020-11-03,20.4,9.9,2020-11,2020
2020-11-04,21.8,10.1,2020-11,2020
2020-11-05,21.4,13.2,2020-11,2020
2020-11-06,22.2,12.4,2020-11,2020
2020-11-07,25.8,11.5,2020-11,2020
2020-11-08,29.0,12.9,2020-11,2020
2020-11-09,28.4,14.3,2020-11,2020
2020-11-10,28.3,18.7,2020-11,2020
2020-11-11,28.3,17.0,2020-11,2020
2020-11-12,25.8,17.2,2020-11,2020
2020-11-13,27.6,16.5,2020-11,2020
2020-11-14,28.4,18.2,2020-11,2020
2020-11-15,30.4,17.9,2020-11,2020
2020-11-16,29.2,19.6,2020-11,2020
2020-11-17,24.8,17.6,2020-11,2020
2020-11-18,21.3,15.3,2020-11,2020
2020-11-19,21.6,14.0,2020-11,2020
2020-11-20,20.1,13.1,2020-11,2020
2020-11-21,23.4,12.1,2020-11,2020
2020-11-22,23.8,13.5,2020-11,2020
2020-11-23,24.8,14.7,2020-11,2020
2020-11-24,26.9,16.2,2020-11,2020
2020-11-25,29.1,16.9,2020-11,2020
2020-11-26,30.0,18.9,2020-11,2020
2020-11-27,29.9,17.4,2020-11,2020
2020-11-28,31.0,18.4,2020-11,2020
2020-11-29,31.6,18.7,2020-11,2020
2020-11-30,32.2,19.2,2020-11,2020
2020-12-01,27.6,19.2,2020-12,2020
2020-12-02,26.8,18.7,2020-12,2020
2020-12-03,30.3,19.2,2020-12,2020
2020-12-04,29.0,20.0,2020-12,2020
2020-12-05,24.8,18.4,2020-12,2020
2020-12-06,24.8,17.7,2020-12,2020
2020-12-07,23.8,18.8,2020-12,2020
2020-12-08,26.9,18.1,2020-12,2020
2020-12-09,26.4,17.4,2020-12,2020
2020-12-10,25.9,15.4,2020-12,2020
2020-12-11,26.9,17.1,2020-12,2020
2020-12-12,27.9,19.3,2020-12,2020
2020-12-13,28.9,20.4,2020-12,2020
2020-12-14,28.9,20.4,2020-12,2020
2020-12-15,28.1,19.7,2020-12,2020
2020-12-16,29.5,19.1,2020-12,2020
2020-12-17,28.2,20.3,2020-12,2020
2020-12-18,28.5,18.9,2020-12,2020
2020-12-19,29.5,19.4,2020-12,2020
2020-12-20,30.3,20.9,2020-12,2020
2020-12-21,31.7,19.2,2020-12,2020
2020-12-22,23.0,17.4,2020-12,2020
2020-12-23,23.9,16.5,2020-12,2020
2020-12-24,22.6,16.3,2020-12,2020
2020-12-25,23.7,15.9,2020-12,2020
2020-12-26,24.4,16.2,2020-12,2020
2020-12-27,23.5,17.3,2020-12,2020
2020-12-28,25.8,18.6,2020-12,2020
2020-12-29,27.2,17.9,2020-12,2020
2020-12-30,28.7,19.2,2020-12,2020
2020-12-31,27.3,19.9,2020-12,2020
2021-01-01,26.4,18.6,2021-01,2021
2021-01-02,23.6,18.5,2021-01,2021
2021-01-03,25.0,17.3,2021-01,2021
2021-01-04,27.0,17.3,2021-01,2021
2021-01-05,28.8,17.9,2021-01,2021
2021-01-06,29.9,20.8,2021-01,2021
2021-01-07,29.1,21.0,2021-01,2021
2021-01-08,26.8,20.7,2021-01,2021
2021-01-09,27.1,19.9,2021-01,2021
2021-01-10,28.0,19.6,2021-01,2021
2021-01-11,28.3,20.3,2021-01,2021
2021-01-12,29.1,21.3,2021-01,2021
2021-01-13,26.9,20.9,2021-01,2021
2021-01-14,27.5,19.4,2021-01,2021
2021-01-15,26.0,19.0,2021-01,2021
2021-01-16,27.7,18.5,2021-01,2021
2021-01-17,28.2,21.3,2021-01,2021
2021-01-18,29.3,20.7,2021-01,2021
2021-01-19,27.3,20.3,2021-01,2021
2021-01-20,29.2,20.1,2021-01,2021
2021-01-21,28.0,19.4,2021-01,2021
2021-01-22,27.6,19.2,2021-01,2021
2021-01-23,28.2,18.6,2021-01,2021
2021-01-24,27.9,19.5,2021-01,2021
2021-01-25,29.8,18.9,2021-01,2021
2021-01-26,28.3,18.5,2021-01,2021
2021-01-27,29.4,20.6,2021-01,2021
2021-01-28,29.9,20.9,2021-01,2021
2021-01-29,30.3,19.6,2021-01,2021
2021-01-30,32.0,19.8,2021-01,2021
2021-01-31,30.8,20.3,2021-01,2021
2021-02-01,29.6,21.2,2021-02,2021
2021-02-02,29.9,19.9,2021-02,2021
2021-02-03,29.5,18.3,2021-02,2021
2021-02-04,30.9,21.0,2021-02,2021
2021-02-05,26.1,18.4,2021-02,2021
2021-02-06,25.2,17.4,2021-02,2021
2021-02-07,24.1,16.6,2021-02,2021
2021-02-08,24.3,14.8,2021-02,2021
2021-02-09,24.8,15.0,2021-02,2021
2021-02-10,26.1,16.3,2021-02,2021
2021-02-11,25.9,17.5,2021-02,2021
2021-02-12,25.2,17.9,2021-02,2021
2021-02-13,24.4,18.1,2021-02,2021
2021-02-14,27.2,17.5,2021-02,2021
2021-02-15,27.1,18.8,2021-02,2021
2021-02-16,27.5,18.5,2021-02,2021
2021-02-17,27.2,19.2,2021-02,2021
2021-02-18,27.7,16.4,2021-02,2021
2021-02-19,27.8,17.5,2021-02,2021
2021-02-20,27.0,17.3,2021-02,2021
2021-02-21,26.4,17.6,2021-02,2021
2021-02-22,26.7,18.4,2021-02,2021
2021-02-23,30.0,17.1,2021-02,2021
2021-02-24,29.1,17.5,2021-02,2021
2021-02-25,25.1,18.1,2021-02,2021
2021-02-26,22.2,17.7,2021-02,2021
2021-02-27,24.6,17.9,2021-02,2021
2021-02-28,26.8,17.9,2021-02,2021
2021-03-01,26.8,18.6,2021-03,2021
2021-03-02,27.8,18.8,2021-03,2021
2021-03-03,28.3,20.1,2021-03,2021
2021-03-04,28.3,19.4,2021-03,2021
2021-03-05,24.4,20.1,2021-03,2021
2021-03-06,24.1,19.0,2021-03,2021
2021-03-07,24.2,18.3,2021-03,2021
2021-03-08,25.1,17.7,2021-03,2021
2021-03-09,26.6,16.4,2021-03,2021
2021-03-10,25.6,17.8,2021-03,2021
2021-03-11,27.3,17.3,2021-03,2021
2021-03-12,28.8,17.7,2021-03,2021
2021-03-13,27.6,19.2,2021-03,2021
2021-03-14,28.1,18.8,2021-03,2021
2021-03-15,27.4,17.3,2021-03,2021
2021-03-16,27.8,18.7,2021-03,2021
2021-03-17,28.6,18.1,2021-03,2021
2021-03-18,24.7,20.0,2021-03,2021
2021-03-19,27.4,18.7,2021-03,2021
2021-03-20,28.2,18.8,2021-03,2021
2021-03-21,28.5,18.3,2021-03,2021
2021-03-22,28.7,17.6,2021-03,2021
2021-03-23,28.8,19.0,2021-03,2021
2021-03-24,28.5,18.9,2021-03,2021
2021-03-25,28.0,19.5,2021-03,2021
2021-03-26,29.4,18.9,2021-03,2021
2021-03-27,30.7,18.7,2021-03,2021
2021-03-28,30.6,18.6,2021-03,2021
2021-03-29,29.3,19.1,2021-03,2021
2021-03-30,28.0,18.6,2021-03,2021
2021-03-31,22.6,15.8,2021-03,2021
2021-04-01,24.1,13.4,2021-04,2021
2021-04-02,22.9,15.4,2021-04,2021
2021-04-03,24.9,14.4,2021-04,2021
2021-04-04,24.2,16.2,2021-04,2021
2021-04-05,24.9,15.9,2021-04,2021
2021-04-06,23.5,15.8,2021-04,2021
2021-04-07,23.8,16.5,2021-04,2021
2021-04-08,25.2,15.0,2021-04,2021
2021-04-09,25.7,14.3,2021-04,2021
2021-04-10,27.4,13.7,2021-04,2021
2021-04-11,28.2,13.8,2021-04,2021
2021-04-12,28.1,15.9,2021-04,2021
2021-04-13,21.0,14.7,2021-04,2021
2021-04-14,23.4,12.6,2021-04,2021
2021-04-15,24.2,15.1,2021-04,2021
2021-04-16,25.7,14.6,2021-04,2021
2021-04-17,24.7,16.1,2021-04,2021
2021-04-18,23.3,16.7,2021-04,2021
2021-04-19,21.4,15.9,2021-04,2021
2021-04-20,21.2,15.6,2021-04,2021
2021-04-21,20.7,15.8,2021-04,2021
2021-04-22,18.8,14.5,2021-04,2021
2021-04-23,22.4,13.4,2021-04,2021
2021-04-24,23.9,14.8,2021-04,2021
2021-04-25,25.7,14.9,2021-04,2021
2021-04-26,24.2,16.2,2021-04,2021
2021-04-27,21.4,15.8,2021-04,2021
2021-04-28,23.2,15.3,2021-04,2021
2021-04-29,20.2,13.4,2021-04,2021
2021-04-30,21.9,12.9,2021-04,2021
2021-05-01,22.2,12.2,2021-05,2021
2021-05-02,23.7,13.3,2021-05,2021
2021-05-03,24.9,13.2,2021-05,2021
2021-05-04,26.4,13.2,2021-05,2021
2021-05-05,26.4,13.1,2021-05,2021
2021-05-06,27.6,14.7,2021-05,2021
2021-05-07,18.5,14.5,2021-05,2021
2021-05-08,21.1,14.4,2021-05,2021
2021-05-09,22.3,13.6,2021-05,2021
2021-05-10,23.5,13.9,2021-05,2021
2021-05-11,26.0,13.6,2021-05,2021
2021-05-12,22.7,13.2,2021-05,2021
2021-05-13,18.4,13.2,2021-05,2021
2021-05-14,20.5,12.9,2021-05,2021
2021-05-15,20.2,13.9,2021-05,2021
2021-05-16,21.8,14.3,2021-05,2021
2021-05-17,22.5,13.6,2021-05,2021
2021-05-18,20.3,13.2,2021-05,2021
2021-05-19,23.2,12.4,2021-05,2021
2021-05-20,24.6,11.0,2021-05,2021
2021-05-21,26.4,12.2,2021-05,2021
2021-05-22,20.0,14.8,2021-05,2021
2021-05-23,22.6,16.5,2021-05,2021
2021-05-24,20.0,9.8,2021-05,2021
2021-05-25,22.3,8.7,2021-05,2021
2021-05-26,24.3,7.9,2021-05,2021
2021-05-27,25.5,11.0,2021-05,2021
2021-05-28,26.7,13.8,2021-05,2021
2021-05-29,28.3,19.6,2021-05,2021
2021-05-30,21.7,16.3,2021-05,2021
2021-05-31,21.2,14.5,2021-05,2021
2021-06-01,21.6,13.7,2021-06,2021
2021-06-02,25.2,12.6,2021-06,2021
2021-06-03,25.1,13.3,2021-06,2021
2021-06-04,24.7,15.2,2021-06,2021
2021-06-05,25.4,13.8,2021-06,2021
2021-06-06,25.3,12.5,2021-06,2021
2021-06-07,20.9,16.5,2021-06,2021
2021-06-08,20.0,15.9,2021-06,2021
2021-06-09,22.9,16.0,2021-06,2021
2021-06-10,22.3,16.2,2021-06,2021
2021-06-11,19.1,14.1,2021-06,2021
2021-06-12,19.7,12.9,2021-06,2021
2021-06-13,18.4,11.0,2021-06,2021
2021-06-14,20.3,9.5,2021-06,2021
2021-06-15,22.1,11.4,2021-06,2021
2021-06-16,19.0,12.5,2021-06,2021
2021-06-17,18.4,11.6,2021-06,2021
2021-06-18,18.2,11.8,2021-06,2021
2021-06-19,19.7,13.4,2021-06,2021
2021-06-20,21.3,12.8,2021-06,2021
2021-06-21,19.1,12.3,2021-06,2021
2021-06-22,19.2,13.0,2021-06,2021
2021-06-23,18.2,12.1,2021-06,2021
2021-06-24,23.1,11.1,2021-06,2021
2021-06-25,25.6,13.6,2021-06,2021
2021-06-26,25.0,13.2,2021-06,2021
2021-06-27,25.0,14.7,2021-06,2021
2021-06-28,21.6,11.6,2021-06,2021
2021-06-29,15.1,8.5,2021-06,2021
2021-06-30,13.6,4.4,2021-06,2021
2021-07-01,17.5,6.1,2021-07,2021
2021-07-02,22.5,9.1,2021-07,2021
2021-07-03,22.8,8.4,2021-07,2021
2021-07-04,19.0,12.1,2021-07,2021
2021-07-05,20.0,12.0,2021-07,2021
2021-07-06,19.3,11.3,2021-07,2021
2021-07-07,19.4,10.7,2021-07,2021
2021-07-08,22.2,11.3,2021-07,2021
2021-07-09,21.8,12.1,2021-07,2021
2021-07-10,23.6,10.3,2021-07,2021
2021-07-11,24.0,10.5,2021-07,2021
2021-07-12,24.0,11.1,2021-07,2021
2021-07-13,24.4,9.7,2021-07,2021
2021-07-14,24.6,10.7,2021-07,2021
2021-07-15,26.2,13.2,2021-07,2021
2021-07-16,22.7,13.2,2021-07,2021
2021-07-17,24.0,15.3,2021-07,2021
2021-07-18,22.5,12.5,2021-07,2021
2021-07-19,18.0,6.2,2021-07,2021
2021-07-20,16.3,4.4,2021-07,2021
2021-07-21,20.8,7.0,2021-07,2021
2021-07-22,21.3,7.0,2021-07,2021
2021-07-23,24.1,10.8,2021-07,2021
2021-07-24,25.5,7.7,2021-07,2021
2021-07-25,25.8,10.7,2021-07,2021
2021-07-26,26.3,11.3,2021-07,2021
2021-07-27,28.3,15.4,2021-07,2021
2021-07-28,15.7,9.2,2021-07,2021
2021-07-29,12.6,3.1,2021-07,2021
2021-07-30,12.1,1.7,2021-07,2021
2021-07-31,16.9,4.7,2021-07,2021
2021-08-01,16.8,7.4,2021-08,2021
2021-08-02,19.0,10.1,2021-08,2021
2021-08-03,16.8,10.3,2021-08,2021
2021-08-04,17.5,10.5,2021-08,2021
2021-08-05,21.0,9.6,2021-08,2021
2021-08-06,22.6,11.8,2021-08,2021
2021-08-07,22.5,12.1,2021-08,2021
2021-08-08,23.7,11.9,2021-08,2021
2021-08-09,25.8,11.2,2021-08,2021
2021-08-10,27.0,10.7,2021-08,2021
2021-08-11,20.1,12.1,2021-08,2021
2021-08-12,16.0,13.3,2021-08,2021
2021-08-13,18.0,12.9,2021-08,2021
2021-08-14,19.6,12.5,2021-08,2021
2021-08-15,26.3,13.5,2021-08,2021
2021-08-16,22.4,14.5,2021-08,2021
2021-08-17,28.6,13.2,2021-08,2021
2021-08-18,29.2,13.9,2021-08,2021
2021-08-19,29.8,14.0,2021-08,2021
2021-08-20,29.1,14.7,2021-08,2021
2021-08-21,28.4,14.3,2021-08,2021
2021-08-22,29.5,14.3,2021-08,2021
2021-08-23,30.2,13.3,2021-08,2021
2021-08-24,31.5,16.1,2021-08,2021
2021-08-25,32.4,16.3,2021-08,2021
2021-08-26,32.4,16.3,2021-08,2021
2021-08-27,19.1,15.1,2021-08,2021
2021-08-28,17.1,14.9,2021-08,2021
2021-08-29,18.4,14.8,2021-08,2021
2021-08-30,20.8,14.5,2021-08,2021
2021-08-31,22.5,13.2,2021-08,2021
2021-09-01,23.7,12.9,2021-09,2021
2021-09-02,26.0,12.8,2021-09,2021
2021-09-03,28.1,13.5,2021-09,2021
2021-09-04,28.3,14.5,2021-09,2021
2021-09-05,30.3,14.4,2021-09,2021
2021-09-06,25.6,16.4,2021-09,2021
2021-09-07,28.0,16.6,2021-09,2021
2021-09-08,33.5,15.7,2021-09,2021
2021-09-09,30.4,17.6,2021-09,2021
2021-09-10,24.6,18.5,2021-09,2021
2021-09-11,25.1,16.7,2021-09,2021
2021-09-12,28.5,15.2,2021-09,2021
2021-09-13,33.3,17.0,2021-09,2021
2021-09-14,33.5,20.0,2021-09,2021
2021-09-15,24.1,17.5,2021-09,2021
2021-09-16,20.7,16.0,2021-09,2021
2021-09-17,23.9,15.7,2021-09,2021
2021-09-18,31.7,16.1,2021-09,2021
2021-09-19,29.6,16.4,2021-09,2021
2021-09-20,34.1,17.2,2021-09,2021
2021-09-21,34.1,15.1,2021-09,2021
2021-09-22,17.4,12.4,2021-09,2021
2021-09-23,20.7,10.6,2021-09,2021
2021-09-24,28.4,11.2,2021-09,2021
2021-09-25,25.6,13.0,2021-09,2021
2021-09-26,28.6,14.3,2021-09,2021
2021-09-27,28.6,15.1,2021-09,2021
2021-09-28,31.3,14.9,2021-09,2021
2021-09-29,29.0,17.0,2021-09,2021
2021-09-30,25.0,15.3,2021-09,2021
2021-10-01,23.6,15.6,2021-10,2021
2021-10-02,28.1,18.2,2021-10,2021
2021-10-03,27.8,18.2,2021-10,2021
2021-10-04,27.1,17.6,2021-10,2021
2021-10-05,18.5,15.7,2021-10,2021
2021-10-06,28.5,15.6,2021-10,2021
2021-10-07,21.7,15.4,2021-10,2021
2021-10-08,21.8,14.3,2021-10,2021
2021-10-09,23.0,14.9,2021-10,2021
2021-10-10,19.6,15.0,2021-10,2021
2021-10-11,20.3,15.6,2021-10,2021
2021-10-12,24.1,14.6,2021-10,2021
2021-10-13,25.8,15.3,2021-10,2021
2021-10-14,28.0,16.0,2021-10,2021
2021-10-15,29.2,18.5,2021-10,2021
2021-10-16,27.7,16.9,2021-10,2021
2021-10-17,20.0,16.2,2021-10,2021
2021-10-18,19.6,15.4,2021-10,2021
2021-10-19,16.3,11.8,2021-10,2021
2021-10-20,17.3,12.0,2021-10,2021
2021-10-21,20.7,11.6,2021-10,2021
2021-10-22,24.9,11.7,2021-10,2021
2021-10-23,30.0,13.3,2021-10,2021
2021-10-24,23.4,15.2,2021-10,2021
2021-10-25,21.5,13.2,2021-10,2021
2021-10-26,24.5,14.4,2021-10,2021
2021-10-27,24.3,17.0,2021-10,2021
2021-10-28,24.1,17.5,2021-10,2021
2021-10-29,23.9,16.2,2021-10,2021
2021-10-30,24.2,16.7,2021-10,2021
2021-10-31,21.3,16.4,2021-10,2021
2021-11-01,22.9,16.6,2021-11,2021
2021-11-02,22.7,16.4,2021-11,2021
2021-11-03,24.3,16.5,2021-11,2021
2021-11-04,26.3,15.6,2021-11,2021
2021-11-05,25.3,15.1,2021-11,2021
2021-11-06,25.8,14.4,2021-11,2021
2021-11-07,24.6,14.8,2021-11,2021
2021-11-08,26.6,13.8,2021-11,2021
2021-11-09,22.2,15.5,2021-11,2021
2021-11-10,23.8,16.0,2021-11,2021
2021-11-11,19.4,14.9,2021-11,2021
2021-11-12,20.1,13.3,2021-11,2021
2021-11-13,20.7,10.2,2021-11,2021
2021-11-14,25.8,11.3,2021-11,2021
2021-11-15,26.2,13.2,2021-11,2021
2021-11-16,28.5,14.7,2021-11,2021
2021-11-17,30.5,15.6,2021-11,2021
2021-11-18,25.5,19.2,2021-11,2021
2021-11-19,22.6,17.2,2021-11,2021
2021-11-20,21.3,13.9,2021-11,2021
2021-11-21,21.8,11.9,2021-11,2021
2021-11-22,26.8,13.3,2021-11,2021
2021-11-23,31.1,12.7,2021-11,2021
2021-11-24,25.6,16.8,2021-11,2021
2021-11-25,30.7,16.4,2021-11,2021
2021-11-26,25.1,20.2,2021-11,2021
2021-11-27,28.9,18.8,2021-11,2021
2021-11-28,30.6,16.5,2021-11,2021
2021-11-29,32.0,18.6,2021-11,2021
2021-11-30,27.9,19.1,2021-11,2021
2021-12-01,27.1,18.1,2021-12,2021
2021-12-02,25.9,16.2,2021-12,2021
2021-12-03,22.6,17.0,2021-12,2021
2021-12-04,25.3,15.6,2021-12,2021
2021-12-05,27.4,15.8,2021-12,2021
2021-12-06,25.1,17.2,2021-12,2021
2021-12-07,19.7,14.9,2021-12,2021
2021-12-08,20.1,14.9,2021-12,2021
2021-12-09,22.8,13.8,2021-12,2021
2021-12-10,25.5,13.6,2021-12,2021
2021-12-11,30.7,14.4,2021-12,2021
2021-12-12,32.2,18.5,2021-12,2021
2021-12-13,28.6,19.3,2021-12,2021
2021-12-14,26.5,20.2,2021-12,2021
2021-12-15,27.1,20.8,2021-12,2021
2021-12-16,27.9,20.6,2021-12,2021
2021-12-17,24.9,19.6,2021-12,2021
2021-12-18,24.4,17.5,2021-12,2021
2021-12-19,22.5,15.8,2021-12,2021
2021-12-20,25.5,14.7,2021-12,2021
2021-12-21,28.8,15.6,2021-12,2021
2021-12-22,30.6,17.0,2021-12,2021
2021-12-23,22.5,16.1,2021-12,2021
2021-12-24,22.2,15.1,2021-12,2021
2021-12-25,24.5,14.6,2021-12,2021
2021-12-26,29.0,14.2,2021-12,2021
2021-12-27,26.6,16.8,2021-12,2021
2021-12-28,27.2,16.7,2021-12,2021
2021-12-29,26.4,18.2,2021-12,2021
2021-12-30,24.5,17.4,2021-12,2021
2021-12-31,24.7,17.7,2021-12,2021
2022-01-01,25.0,17.7,2022-01,2022
2022-01-02,27.0,19.8,2022-01,2022
2022-01-03,27.4,19.2,2022-01,2022
2022-01-04,25.9,19.5,2022-01,2022
2022-01-05,26.0,20.5,2022-01,2022
2022-01-06,26.7,19.3,2022-01,2022
2022-01-07,22.9,18.2,2022-01,2022
2022-01-08,22.1,16.9,2022-01,2022
2022-01-09,20.5,16.0,2022-01,2022
2022-01-10,24.0,15.9,2022-01,2022
2022-01-11,25.0,18.2,2022-01,2022
2022-01-12,25.8,17.3,2022-01,2022
2022-01-13,28.2,18.6,2022-01,2022
2022-01-14,27.2,20.1,2022-01,2022
2022-01-15,28.0,20.5,2022-01,2022
2022-01-16,27.2,19.0,2022-01,2022
2022-01-17,28.8,18.7,2022-01,2022
2022-01-18,30.3,19.0,2022-01,2022
2022-01-19,31.1,18.5,2022-01,2022
2022-01-20,29.9,20.2,2022-01,2022
2022-01-21,28.3,19.2,2022-01,2022
2022-01-22,29.5,18.3,2022-01,2022
2022-01-23,31.1,19.8,2022-01,2022
2022-01-24,32.0,19.8,2022-01,2022
2022-01-25,30.4,19.4,2022-01,2022
2022-01-26,30.1,20.1,2022-01,2022
2022-01-27,30.1,20.1,2022-01,2022
2022-01-28,25.1,19.2,2022-01,2022
2022-01-29,22.0,18.5,2022-01,2022
2022-01-30,23.4,19.3,2022-01,2022
2022-01-31,23.4,19.7,2022-01,2022
2022-02-01,25.2,19.5,2022-02,2022
2022-02-02,26.5,19.0,2022-02,2022
2022-02-03,26.8,19.1,2022-02,2022
2022-02-04,27.9,19.4,2022-02,2022
2022-02-05,27.2,20.5,2022-02,2022
2022-02-06,27.1,20.7,2022-02,2022
2022-02-07,23.2,18.7,2022-02,2022
2022-02-08,24.0,17.4,2022-02,2022
2022-02-09,24.0,15.4,2022-02,2022
2022-02-10,25.5,14.6,2022-02,2022
2022-02-11,24.8,15.4,2022-02,2022
2022-02-12,25.3,17.0,2022-02,2022
2022-02-13,28.0,17.3,2022-02,2022
2022-02-14,30.0,19.2,2022-02,2022
2022-02-15,26.8,19.1,2022-02,2022
2022-02-16,26.6,15.9,2022-02,2022
2022-02-17,26.2,17.3,2022-02,2022
2022-02-18,24.9,17.2,2022-02,2022
2022-02-19,26.8,16.5,2022-02,2022
2022-02-20,27.2,18.1,2022-02,2022
2022-02-21,28.6,17.3,2022-02,2022
2022-02-22,29.9,17.2,2022-02,2022
2022-02-23,30.1,18.8,2022-02,2022
2022-02-24,28.6,18.6,2022-02,2022
2022-02-25,29.2,18.4,2022-02,2022
2022-02-26,28.7,17.7,2022-02,2022
2022-02-27,28.8,19.0,2022-02,2022
2022-02-28,30.4,19.0,2022-02,2022
2022-03-01,31.4,20.1,2022-03,2022
2022-03-02,29.8,18.2,2022-03,2022
2022-03-03,29.9,18.5,2022-03,2022
2022-03-04,28.9,19.5,2022-03,2022
2022-03-05,30.0,19.3,2022-03,2022
2022-03-06,30.3,19.3,2022-03,2022
2022-03-07,29.9,19.2,2022-03,2022
2022-03-08,29.9,20.2,2022-03,2022
2022-03-09,29.5,19.6,2022-03,2022
2022-03-10,30.8,19.0,2022-03,2022
2022-03-11,28.5,20.5,2022-03,2022
2022-03-12,25.6,20.1,2022-03,2022
2022-03-13,27.3,19.6,2022-03,2022
2022-03-14,26.2,19.7,2022-03,2022
2022-03-15,24.6,20.0,2022-03,2022
2022-03-16,28.2,19.2,2022-03,2022
2022-03-17,29.0,20.2,2022-03,2022
2022-03-18,29.3,19.8,2022-03,2022
2022-03-19,29.6,20.5,2022-03,2022
2022-03-20,21.7,17.2,2022-03,2022
2022-03-21,21.1,16.0,2022-03,2022
2022-03-22,24.7,14.4,2022-03,2022
2022-03-23,27.4,15.5,2022-03,2022
2022-03-24,29.0,17.9,2022-03,2022
2022-03-25,29.3,20.5,2022-03,2022
2022-03-26,28.2,20.9,2022-03,2022
2022-03-27,25.0,19.8,2022-03,2022
2022-03-28,24.9,18.8,2022-03,2022
2022-03-29,25.9,18.3,2022-03,2022
2022-03-30,28.7,18.2,2022-03,2022
2022-03-31,24.4,16.8,2022-03,2022
2022-04-01,20.0,16.4,2022-04,2022
2022-04-02,21.6,17.1,2022-04,2022
2022-04-03,26.7,17.3,2022-04,2022
2022-04-04,29.1,19.0,2022-04,2022
2022-04-05,25.3,19.2,2022-04,2022
2022-04-06,25.5,17.8,2022-04,2022
2022-04-07,25.5,17.0,2022-04,2022
2022-04-08,29.1,17.1,2022-04,2022
2022-04-09,27.9,18.1,2022-04,2022
2022-04-10,25.8,18.2,2022-04,2022
2022-04-11,28.1,17.0,2022-04,2022
2022-04-12,28.0,18.3,2022-04,2022
2022-04-13,26.3,18.9,2022-04,2022
2022-04-14,24.8,16.7,2022-04,2022
2022-04-15,19.5,12.6,2022-04,2022
2022-04-16,20.3,12.0,2022-04,2022
2022-04-17,20.1,13.5,2022-04,2022
2022-04-18,22.4,11.9,2022-04,2022
2022-04-19,23.9,12.7,2022-04,2022
2022-04-20,23.9,15.5,2022-04,2022
2022-04-21,25.9,15.1,2022-04,2022
2022-04-22,27.0,13.6,2022-04,2022
2022-04-23,27.7,18.2,2022-04,2022
2022-04-24,25.7,14.6,2022-04,2022
2022-04-25,27.1,16.4,2022-04,2022
2022-04-26,28.7,16.7,2022-04,2022
2022-04-27,29.9,15.3,2022-04,2022
2022-04-28,29.9,16.8,2022-04,2022
2022-04-29,22.3,17.3,2022-04,2022
2022-04-30,20.6,17.6,2022-04,2022
2022-05-01,27.1,17.5,2022-05,2022
2022-05-02,28.2,16.3,2022-05,2022
2022-05-03,28.8,16.5,2022-05,2022
2022-05-04,20.3,13.3,2022-05,2022
2022-05-05,18.4,11.0,2022-05,2022
2022-05-06,20.1,13.2,2022-05,2022
2022-05-07,18.0,11.8,2022-05,2022
2022-05-08,21.6,14.1,2022-05,2022
2022-05-09,22.8,14.1,2022-05,2022
2022-05-10,23.5,13.0,2022-05,2022
2022-05-11,24.5,13.8,2022-05,2022
2022-05-12,22.7,15.4,2022-05,2022
2022-05-13,22.9,14.7,2022-05,2022
2022-05-14,25.2,15.2,2022-05,2022
2022-05-15,23.3,16.2,2022-05,2022
2022-05-16,22.1,14.9,2022-05,2022
2022-05-17,17.1,9.7,2022-05,2022
2022-05-18,13.4,6.4,2022-05,2022
2022-05-19,15.4,7.3,2022-05,2022
2022-05-20,17.2,5.7,2022-05,2022
2022-05-21,20.2,9.4,2022-05,2022
2022-05-22,21.5,10.1,2022-05,2022
2022-05-23,23.3,9.7,2022-05,2022
2022-05-24,23.4,10.4,2022-05,2022
2022-05-25,23.8,10.3,2022-05,2022
2022-05-26,24.0,11.1,2022-05,2022
2022-05-27,24.6,13.0,2022-05,2022
2022-05-28,25.1,12.6,2022-05,2022
2022-05-29,26.1,14.3,2022-05,2022
2022-05-30,25.8,17.1,2022-05,2022
2022-05-31,18.0,15.2,2022-05,2022
2022-06-01,23.2,15.6,2022-06,2022
2022-06-02,24.1,15.3,2022-06,2022
2022-06-03,17.6,14.3,2022-06,2022
2022-06-04,20.4,13.6,2022-06,2022
2022-06-05,21.4,13.0,2022-06,2022
2022-06-06,24.5,11.5,2022-06,2022
2022-06-07,24.0,13.8,2022-06,2022
2022-06-08,19.6,13.5,2022-06,2022
2022-06-09,21.0,12.6,2022-06,2022
2022-06-10,20.9,15.2,2022-06,2022
2022-06-11,18.9,12.4,2022-06,2022
2022-06-12,17.7,8.6,2022-06,2022
2022-06-13,16.7,8.8,2022-06,2022
2022-06-14,17.8,9.8,2022-06,2022
2022-06-15,19.7,10.8,2022-06,2022
2022-06-16,23.5,9.7,2022-06,2022
2022-06-17,24.1,9.0,2022-06,2022
2022-06-18,19.3,13.4,2022-06,2022
2022-06-19,20.1,12.7,2022-06,2022
2022-06-20,20.7,12.5,2022-06,2022
2022-06-21,24.9,12.5,2022-06,2022
2022-06-22,24.8,15.2,2022-06,2022
2022-06-23,25.7,14.4,2022-06,2022
2022-06-24,24.8,11.6,2022-06,2022
2022-06-25,21.5,12.4,2022-06,2022
2022-06-26,17.6,13.1,2022-06,2022
2022-06-27,19.9,12.3,2022-06,2022
2022-06-28,23.3,8.5,2022-06,2022
2022-06-29,23.5,13.6,2022-06,2022
2022-06-30,21.8,11.5,2022-06,2022
2022-07-01,22.8,8.6,2022-07,2022
2022-07-02,26.1,12.2,2022-07,2022
2022-07-03,25.7,10.6,2022-07,2022
2022-07-04,25.2,11.6,2022-07,2022
2022-07-05,24.1,12.0,2022-07,2022
2022-07-06,24.4,10.9,2022-07,2022
2022-07-07,24.4,13.1,2022-07,2022
2022-07-08,24.0,10.4,2022-07,2022
2022-07-09,22.6,11.5,2022-07,2022
2022-07-10,24.4,11.7,2022-07,2022
2022-07-11,24.2,13.3,2022-07,2022
2022-07-12,25.5,15.9,2022-07,2022
2022-07-13,17.7,14.2,2022-07,2022
2022-07-14,24.5,15.0,2022-07,2022
2022-07-15,26.4,14.6,2022-07,2022
2022-07-16,26.7,15.3,2022-07,2022
2022-07-17,27.8,15.8,2022-07,2022
2022-07-18,24.0,15.0,2022-07,2022
2022-07-19,25.7,16.2,2022-07,2022
2022-07-20,22.5,15.6,2022-07,2022
2022-07-21,24.9,15.0,2022-07,2022
2022-07-22,25.7,12.2,2022-07,2022
2022-07-23,25.6,12.0,2022-07,2022
2022-07-24,25.5,11.7,2022-07,2022
2022-07-25,25.6,11.9,2022-07,2022
2022-07-26,24.4,11.4,2022-07,2022
2022-07-27,25.8,13.8,2022-07,2022
2022-07-28,26.2,12.6,2022-07,2022
2022-07-29,21.4,12.4,2022-07,2022
2022-07-30,17.6,9.1,2022-07,2022
2022-07-31,20.9,9.1,2022-07,2022
2022-08-01,26.0,9.7,2022-08,2022
2022-08-02,25.5,11.9,2022-08,2022
2022-08-03,24.7,11.5,2022-08,2022
2022-08-04,28.0,12.5,2022-08,2022
2022-08-05,27.8,14.1,2022-08,2022
2022-08-06,20.6,12.3,2022-08,2022
2022-08-07,20.5,14.9,2022-08,2022
2022-08-08,20.9,16.0,2022-08,2022
2022-08-09,21.9,15.2,2022-08,2022
2022-08-10,16.9,10.5,2022-08,2022
2022-08-11,16.5,11.0,2022-08,2022
2022-08-12,19.5,11.6,2022-08,2022
2022-08-13,24.1,10.6,2022-08,2022
2022-08-14,24.3,10.2,2022-08,2022
2022-08-15,26.1,13.1,2022-08,2022
2022-08-16,28.6,14.6,2022-08,2022
2022-08-17,22.3,13.8,2022-08,2022
2022-08-18,29.1,16.7,2022-08,2022
2022-08-19,17.2,8.7,2022-08,2022
2022-08-20,14.2,8.8,2022-08,2022
2022-08-21,18.4,8.8,2022-08,2022
2022-08-22,19.9,9.1,2022-08,2022
2022-08-23,22.1,9.9,2022-08,2022
2022-08-24,24.2,12.5,2022-08,2022
2022-08-25,25.4,13.4,2022-08,2022
2022-08-26,26.2,13.5,2022-08,2022
2022-08-27,27.8,13.5,2022-08,2022
2022-08-28,28.9,13.7,2022-08,2022
2022-08-29,15.3,10.2,2022-08,2022
2022-08-30,17.0,9.8,2022-08,2022
2022-08-31,21.0,10.3,2022-08,2022
2022-09-01,25.2,8.1,2022-09,2022
2022-09-02,28.6,12.5,2022-09,2022
2022-09-03,21.8,12.1,2022-09,2022
2022-09-04,14.9,10.2,2022-09,2022
2022-09-05,20.3,11.9,2022-09,2022
2022-09-06,22.9,12.8,2022-09,2022
2022-09-07,21.2,13.9,2022-09,2022
2022-09-08,28.9,13.2,2022-09,2022
2022-09-09,31.6,16.8,2022-09,2022
2022-09-10,30.3,14.1,2022-09,2022
2022-09-11,17.2,11.4,2022-09,2022
2022-09-12,23.7,12.6,2022-09,2022
2022-09-13,28.5,14.3,2022-09,2022
2022-09-14,18.8,14.7,2022-09,2022
2022-09-15,17.1,14.0,2022-09,2022
2022-09-16,16.4,12.4,2022-09,2022
2022-09-17,17.4,10.7,2022-09,2022
2022-09-18,21.0,8.4,2022-09,2022
2022-09-19,24.6,10.2,2022-09,2022
2022-09-20,26.2,12.9,2022-09,2022
2022-09-21,25.3,13.3,2022-09,2022
2022-09-22,23.4,14.8,2022-09,2022
2022-09-23,20.9,10.0,2022-09,2022
2022-09-24,18.6,7.6,2022-09,2022
2022-09-25,21.2,9.5,2022-09,2022
2022-09-26,19.3,13.7,2022-09,2022
2022-09-27,25.3,15.0,2022-09,2022
2022-09-28,17.8,13.2,2022-09,2022
2022-09-29,17.0,12.9,2022-09,2022
2022-09-30,18.4,13.2,2022-09,2022
2022-10-01,23.5,14.6,2022-10,2022
2022-10-02,21.2,13.6,2022-10,2022
2022-10-03,23.4,12.8,2022-10,2022
2022-10-04,20.2,15.6,2022-10,2022
2022-10-05,24.5,15.2,2022-10,2022
2022-10-06,29.8,15.1,2022-10,2022
2022-10-07,23.5,16.9,2022-10,2022
2022-10-08,25.6,14.0,2022-10,2022
2022-10-09,28.4,12.7,2022-10,2022
2022-10-10,20.7,16.1,2022-10,2022
2022-10-11,27.2,17.0,2022-10,2022
2022-10-12,25.1,17.6,2022-10,2022
2022-10-13,30.1,17.2,2022-10,2022
2022-10-14,24.4,16.8,2022-10,2022
2022-10-15,21.7,16.6,2022-10,2022
2022-10-16,25.6,15.6,2022-10,2022
2022-10-17,25.0,16.4,2022-10,2022
2022-10-18,20.8,16.8,2022-10,2022
2022-10-19,24.9,16.9,2022-10,2022
2022-10-20,28.5,15.8,2022-10,2022
2022-10-21,25.2,19.3,2022-10,2022
2022-10-22,26.4,15.9,2022-10,2022
2022-10-23,25.0,14.4,2022-10,2022
2022-10-24,23.5,15.1,2022-10,2022
2022-10-25,24.0,14.5,2022-10,2022
2022-10-26,28.5,14.3,2022-10,2022
2022-10-27,32.1,15.9,2022-10,2022
2022-10-28,25.4,18.2,2022-10,2022
2022-10-29,29.9,17.1,2022-10,2022
2022-10-30,28.9,17.4,2022-10,2022
2022-10-31,24.8,18.3,2022-10,2022
2022-11-01,17.9,13.2,2022-11,2022
2022-11-02,14.5,12.0,2022-11,2022
2022-11-03,16.0,10.7,2022-11,2022
2022-11-04,18.1,9.1,2022-11,2022
2022-11-05,18.4,11.0,2022-11,2022
2022-11-06,18.6,10.8,2022-11,2022
2022-11-07,19.1,11.7,2022-11,2022
2022-11-08,21.9,10.9,2022-11,2022
2022-11-09,27.2,12.0,2022-11,2022
2022-11-10,27.0,14.9,2022-11,2022
2022-11-11,27.3,16.0,2022-11,2022
2022-11-12,25.1,17.2,2022-11,2022
2022-11-13,29.8,16.5,2022-11,2022
2022-11-14,27.2,18.9,2022-11,2022
2022-11-15,26.7,16.4,2022-11,2022
2022-11-16,23.9,14.5,2022-11,2022
2022-11-17,23.8,12.4,2022-11,2022
2022-11-18,23.1,14.7,2022-11,2022
2022-11-19,25.7,13.2,2022-11,2022
2022-11-20,27.4,14.6,2022-11,2022
2022-11-21,28.3,16.0,2022-11,2022
2022-11-22,30.0,16.7,2022-11,2022
2022-11-23,28.2,17.4,2022-11,2022
2022-11-24,24.7,16.4,2022-11,2022
2022-11-25,21.0,14.4,2022-11,2022
2022-11-26,23.8,13.4,2022-11,2022
2022-11-27,25.5,14.7,2022-11,2022
2022-11-28,24.4,17.5,2022-11,2022
2022-11-29,24.9,17.4,2022-11,2022
2022-11-30,25.1,17.3,2022-11,2022
2022-12-01,27.6,17.1,2022-12,2022
2022-12-02,29.0,18.5,2022-12,2022
2022-12-03,27.6,20.2,2022-12,2022
2022-12-04,26.8,19.1,2022-12,2022
2022-12-05,24.8,20.2,2022-12,2022
2022-12-06,23.8,19.7,2022-12,2022
2022-12-07,25.0,18.6,2022-12,2022
2022-12-08,27.8,16.6,2022-12,2022
2022-12-09,30.0,14.9,2022-12,2022
2022-12-10,30.7,15.0,2022-12,2022
2022-12-11,29.9,19.4,2022-12,2022
2022-12-12,28.6,20.6,2022-12,2022
2022-12-13,22.1,16.6,2022-12,2022
2022-12-14,22.6,14.3,2022-12,2022
2022-12-15,25.3,13.3,2022-12,2022
2022-12-16,26.7,14.9,2022-12,2022
2022-12-17,24.0,15.8,2022-12,2022
2022-12-18,25.0,15.5,2022-12,2022
2022-12-19,21.6,16.2,2022-12,2022
2022-12-20,22.7,16.7,2022-12,2022
2022-12-21,20.8,16.0,2022-12,2022
2022-12-22,20.9,15.7,2022-12,2022
2022-12-23,23.8,14.9,2022-12,2022
2022-12-24,25.8,15.6,2022-12,2022
2022-12-25,26.5,17.1,2022-12,2022
2022-12-26,25.8,18.9,2022-12,2022
2022-12-27,26.0,18.0,2022-12,2022
2022-12-28,25.0,18.2,2022-12,2022
2022-12-29,24.5,18.9,2022-12,2022
2022-12-30,24.4,17.8,2022-12,2022
2022-12-31,25.8,17.4,2022-12,2022
2023-01-01,25.9,17.2,2023-01,2023
2023-01-02,27.4,17.4,2023-01,2023
2023-01-03,25.5,18.6,2023-01,2023
2023-01-04,25.9,17.2,2023-01,2023
2023-01-05,19.7,16.4,2023-01,2023
2023-01-06,19.3,16.0,2023-01,2023
2023-01-07,20.1,15.3,2023-01,2023
2023-01-08,21.7,15.2,2023-01,2023
2023-01-09,23.2,17.7,2023-01,2023
2023-01-10,25.0,18.2,2023-01,2023
2023-01-11,25.1,17.3,2023-01,2023
2023-01-12,25.8,18.9,2023-01,2023
2023-01-13,25.9,18.9,2023-01,2023
2023-01-14,28.2,19.7,2023-01,2023
2023-01-15,29.4,20.3,2023-01,2023
2023-01-16,29.5,19.2,2023-01,2023
2023-01-17,28.8,20.4,2023-01,2023
2023-01-18,27.9,19.4,2023-01,2023
2023-01-19,27.4,18.7,2023-01,2023
2023-01-20,23.4,18.2,2023-01,2023
2023-01-21,26.0,16.2,2023-01,2023
2023-01-22,27.5,18.5,2023-01,2023
2023-01-23,28.0,18.5,2023-01,2023
2023-01-24,27.0,18.7,2023-01,2023
2023-01-25,27.1,18.7,2023-01,2023
2023-01-26,27.2,16.3,2023-01,2023
2023-01-27,27.4,15.3,2023-01,2023
2023-01-28,27.6,18.7,2023-01,2023
2023-01-29,27.3,18.3,2023-01,2023
2023-01-30,25.7,18.6,2023-01,2023
2023-01-31,27.1,19.1,2023-01,2023
2023-02-01,26.8,20.1,2023-02,2023
2023-02-02,28.0,19.3,2023-02,2023
2023-02-03,26.8,20.3,2023-02,2023
2023-02-04,27.2,19.8,2023-02,2023
2023-02-05,27.1,20.1,2023-02,2023
2023-02-06,27.4,18.9,2023-02,2023
2023-02-07,25.7,17.9,2023-02,2023
2023-02-08,25.6,18.1,2023-02,2023
2023-02-09,27.8,16.5,2023-02,2023
2023-02-10,27.8,18.8,2023-02,2023
2023-02-11,24.8,18.6,2023-02,2023
2023-02-12,26.3,17.6,2023-02,2023
2023-02-13,26.9,18.6,2023-02,2023
2023-02-14,27.3,18.6,2023-02,2023
2023-02-15,28.9,21.2,2023-02,2023
2023-02-16,27.2,21.0,2023-02,2023
2023-02-17,28.5,20.6,2023-02,2023
2023-02-18,24.4,18.3,2023-02,2023
2023-02-19,20.7,17.3,2023-02,2023
2023-02-20,28.2,18.5,2023-02,2023
2023-02-21,26.7,17.1,2023-02,2023
2023-02-22,26.4,18.3,2023-02,2023
2023-02-23,27.1,19.0,2023-02,2023
2023-02-24,27.6,18.2,2023-02,2023
2023-02-25,28.1,19.4,2023-02,2023
2023-02-26,28.4,19.7,2023-02,2023
2023-02-27,26.6,19.9,2023-02,2023
2023-02-28,25.6,19.4,2023-02,2023
2023-03-01,27.2,18.1,2023-03,2023
2023-03-02,28.1,17.2,2023-03,2023
2023-03-03,28.7,19.3,2023-03,2023
2023-03-04,26.9,19.9,2023-03,2023
2023-03-05,25.7,19.1,2023-03,2023
2023-03-06,26.2,18.0,2023-03,2023
2023-03-07,26.8,18.1,2023-03,2023
2023-03-08,28.6,18.4,2023-03,2023
2023-03-09,28.3,19.1,2023-03,2023
2023-03-10,27.3,18.8,2023-03,2023
2023-03-11,24.6,18.9,2023-03,2023
2023-03-12,24.3,19.1,2023-03,2023
2023-03-13,26.0,19.1,2023-03,2023
2023-03-14,26.0,18.6,2023-03,2023
2023-03-15,26.1,18.3,2023-03,2023
2023-03-16,26.7,16.3,2023-03,2023
2023-03-17,25.9,15.5,2023-03,2023
2023-03-18,27.2,15.3,2023-03,2023
2023-03-19,28.4,18.9,2023-03,2023
2023-03-20,29.2,18.8,2023-03,2023
2023-03-21,27.8,15.8,2023-03,2023
2023-03-22,28.4,17.7,2023-03,2023
2023-03-23,28.3,17.7,2023-03,2023
2023-03-24,28.9,17.0,2023-03,2023
2023-03-25,28.8,17.9,2023-03,2023
2023-03-26,30.2,18.6,2023-03,2023
2023-03-27,24.1,18.4,2023-03,2023
2023-03-28,25.9,17.3,2023-03,2023
2023-03-29,28.8,18.8,2023-03,2023
2023-03-30,28.4,18.1,2023-03,2023
2023-03-31,27.7,18.4,2023-03,2023
2023-04-01,27.4,16.6,2023-04,2023
2023-04-02,21.8,16.2,2023-04,2023
2023-04-03,24.9,14.6,2023-04,2023
2023-04-04,27.3,15.4,2023-04,2023
2023-04-05,25.3,14.4,2023-04,2023
2023-04-06,25.2,16.9,2023-04,2023
2023-04-07,21.1,17.9,2023-04,2023
2023-04-08,22.4,18.1,2023-04,2023
2023-04-09,22.0,16.1,2023-04,2023
2023-04-10,23.2,14.2,2023-04,2023
2023-04-11,25.6,13.9,2023-04,2023
2023-04-12,26.2,15.6,2023-04,2023
2023-04-13,27.3,15.9,2023-04,2023
2023-04-14,23.2,17.2,2023-04,2023
2023-04-15,22.1,17.7,2023-04,2023
2023-04-16,25.1,17.2,2023-04,2023
2023-04-17,27.4,15.9,2023-04,2023
2023-04-18,23.2,19.3,2023-04,2023
2023-04-19,23.7,16.0,2023-04,2023
2023-04-20,20.9,12.6,2023-04,2023
2023-04-21,21.5,9.6,2023-04,2023
2023-04-22,23.0,11.7,2023-04,2023
2023-04-23,23.8,14.2,2023-04,2023
2023-04-24,23.8,13.4,2023-04,2023
2023-04-25,24.6,13.1,2023-04,2023
2023-04-26,24.3,15.7,2023-04,2023
2023-04-27,23.5,16.6,2023-04,2023
2023-04-28,19.2,15.6,2023-04,2023
2023-04-29,22.6,14.6,2023-04,2023
2023-04-30,24.9,16.4,2023-04,2023
2023-05-01,25.0,16.7,2023-05,2023
2023-05-02,24.6,16.5,2023-05,2023
2023-05-03,26.1,16.4,2023-05,2023
2023-05-04,26.7,16.9,2023-05,2023
2023-05-05,26.4,17.2,2023-05,2023
2023-05-06,25.5,17.6,2023-05,2023
2023-05-07,26.4,15.8,2023-05,2023
2023-05-08,27.0,15.6,2023-05,2023
2023-05-09,25.4,15.2,2023-05,2023
2023-05-10,21.2,17.7,2023-05,2023
2023-05-11,23.2,15.7,2023-05,2023
2023-05-12,19.8,12.9,2023-05,2023
2023-05-13,20.3,11.9,2023-05,2023
2023-05-14,21.9,11.4,2023-05,2023
2023-05-15,21.5,10.6,2023-05,2023
2023-05-16,21.9,9.5,2023-05,2023
2023-05-17,19.8,11.8,2023-05,2023
2023-05-18,20.9,10.2,2023-05,2023
2023-05-19,21.9,9.6,2023-05,2023
2023-05-20,23.5,10.1,2023-05,2023
2023-05-21,24.2,10.2,2023-05,2023
2023-05-22,24.0,11.8,2023-05,2023
2023-05-23,24.2,10.8,2023-05,2023
2023-05-24,24.0,11.6,2023-05,2023
2023-05-25,25.5,14.4,2023-05,2023
2023-05-26,26.3,13.5,2023-05,2023
2023-05-27,26.4,12.7,2023-05,2023
2023-05-28,22.9,15.1,2023-05,2023
2023-05-29,18.4,14.8,2023-05,2023
2023-05-30,20.5,14.4,2023-05,2023
2023-05-31,19.6,14.4,2023-05,2023
2023-06-01,20.3,14.5,2023-06,2023
2023-06-02,20.3,13.6,2023-06,2023
2023-06-03,22.9,13.1,2023-06,2023
2023-06-04,22.9,8.3,2023-06,2023
2023-06-05,21.8,11.8,2023-06,2023
2023-06-06,20.6,11.5,2023-06,2023
2023-06-07,22.7,11.2,2023-06,2023
2023-06-08,22.8,9.8,2023-06,2023
2023-06-09,23.9,9.7,2023-06,2023
2023-06-10,24.2,12.1,2023-06,2023
2023-06-11,25.7,14.7,2023-06,2023
2023-06-12,26.3,13.3,2023-06,2023
2023-06-13,17.1,15.6,2023-06,2023
2023-06-14,18.0,15.2,2023-06,2023
2023-06-15,17.3,14.2,2023-06,2023
2023-06-16,16.1,10.3,2023-06,2023
2023-06-17,17.3,7.8,2023-06,2023
2023-06-18,17.8,9.7,2023-06,2023
2023-06-19,18.4,10.3,2023-06,2023
2023-06-20,20.9,11.4,2023-06,2023
2023-06-21,22.4,8.8,2023-06,2023
2023-06-22,23.2,10.7,2023-06,2023
2023-06-23,23.8,10.7,2023-06,2023
2023-06-24,24.1,12.8,2023-06,2023
2023-06-25,24.7,11.8,2023-06,2023
2023-06-26,25.1,10.8,2023-06,2023
2023-06-27,23.8,11.1,2023-06,2023
2023-06-28,24.6,11.9,2023-06,2023
2023-06-29,21.4,12.3,2023-06,2023
2023-06-30,21.6,14.7,2023-06,2023
2023-07-01,22.8,13.9,2023-07,2023
2023-07-02,20.6,13.1,2023-07,2023
2023-07-03,19.4,10.7,2023-07,2023
2023-07-04,20.3,8.1,2023-07,2023
2023-07-05,22.6,7.3,2023-07,2023
2023-07-06,22.6,7.9,2023-07,2023
2023-07-07,23.5,9.8,2023-07,2023
2023-07-08,25.3,10.1,2023-07,2023
2023-07-09,18.6,14.1,2023-07,2023
2023-07-10,23.7,13.7,2023-07,2023
2023-07-11,26.2,14.0,2023-07,2023
2023-07-12,27.1,15.0,2023-07,2023
2023-07-13,23.5,16.4,2023-07,2023
2023-07-14,16.6,9.1,2023-07,2023
2023-07-15,18.7,9.5,2023-07,2023
2023-07-16,24.0,9.6,2023-07,2023
2023-07-17,23.9,12.6,2023-07,2023
2023-07-18,18.5,14.1,2023-07,2023
2023-07-19,17.4,13.9,2023-07,2023
2023-07-20,21.7,13.6,2023-07,2023
2023-07-21,22.8,13.2,2023-07,2023
2023-07-22,22.6,12.8,2023-07,2023
2023-07-23,25.1,10.4,2023-07,2023
2023-07-24,25.5,13.1,2023-07,2023
2023-07-25,25.7,13.3,2023-07,2023
2023-07-26,26.8,12.7,2023-07,2023
2023-07-27,25.2,13.0,2023-07,2023
2023-07-28,27.2,15.2,2023-07,2023
2023-07-29,16.8,13.0,2023-07,2023
2023-07-30,20.2,12.8,2023-07,2023
2023-07-31,24.2,12.7,2023-07,2023
2023-08-01,23.4,14.5,2023-08,2023
2023-08-02,27.6,13.2,2023-08,2023
2023-08-03,27.4,12.3,2023-08,2023
2023-08-04,23.9,10.3,2023-08,2023
2023-08-05,26.8,12.5,2023-08,2023
2023-08-06,29.3,12.1,2023-08,2023
2023-08-07,29.3,15.7,2023-08,2023
2023-08-08,19.6,15.7,2023-08,2023
2023-08-09,26.7,15.0,2023-08,2023
2023-08-10,27.5,14.2,2023-08,2023
2023-08-11,29.2,15.8,2023-08,2023
2023-08-12,26.5,13.9,2023-08,2023
2023-08-13,17.3,13.4,2023-08,2023
2023-08-14,19.6,13.4,2023-08,2023
2023-08-15,24.1,15.7,2023-08,2023
2023-08-16,24.9,16.3,2023-08,2023
2023-08-17,26.7,14.1,2023-08,2023
2023-08-18,27.8,16.1,2023-08,2023
2023-08-19,25.0,16.6,2023-08,2023
2023-08-20,25.2,13.6,2023-08,2023
2023-08-21,25.7,16.0,2023-08,2023
2023-08-22,29.1,12.6,2023-08,2023
2023-08-23,31.8,18.9,2023-08,2023
2023-08-24,31.6,20.4,2023-08,2023
2023-08-25,24.5,14.5,2023-08,2023
2023-08-26,15.0,11.9,2023-08,2023
2023-08-27,13.3,11.2,2023-08,2023
2023-08-28,15.4,11.4,2023-08,2023
2023-08-29,20.4,11.1,2023-08,2023
2023-08-30,24.4,12.8,2023-08,2023
2023-08-31,24.1,11.3,2023-08,2023
2023-09-01,25.8,8.3,2023-09,2023
2023-09-02,29.4,15.6,2023-09,2023
2023-09-03,29.7,18.6,2023-09,2023
2023-09-04,30.9,19.2,2023-09,2023
2023-09-05,24.7,15.7,2023-09,2023
2023-09-06,20.1,15.2,2023-09,2023
2023-09-07,25.5,14.9,2023-09,2023
2023-09-08,29.4,15.1,2023-09,2023
2023-09-09,26.9,16.5,2023-09,2023
2023-09-10,26.5,15.2,2023-09,2023
2023-09-11,28.7,16.5,2023-09,2023
2023-09-12,30.1,16.4,2023-09,2023
2023-09-13,32.9,15.0,2023-09,2023
2023-09-14,25.8,13.3,2023-09,2023
2023-09-15,21.8,12.3,2023-09,2023
2023-09-16,28.3,12.9,2023-09,2023
2023-09-17,31.3,15.4,2023-09,2023
2023-09-18,31.6,17.4,2023-09,2023
2023-09-19,30.9,17.8,2023-09,2023
2023-09-20,30.2,15.2,2023-09,2023
2023-09-21,31.8,15.9,2023-09,2023
2023-09-22,34.2,18.0,2023-09,2023
2023-09-23,33.3,16.4,2023-09,2023
2023-09-24,36.0,18.5,2023-09,2023
2023-09-25,32.0,19.3,2023-09,2023
2023-09-26,34.5,19.2,2023-09,2023
2023-09-27,31.5,17.3,2023-09,2023
2023-09-28,17.1,14.3,2023-09,2023
2023-09-29,22.9,13.8,2023-09,2023
2023-09-30,29.1,15.6,2023-09,2023
2023-10-01,23.7,16.8,2023-10,2023
2023-10-02,24.2,15.8,2023-10,2023
2023-10-03,26.5,16.2,2023-10,2023
2023-10-04,28.4,18.6,2023-10,2023
2023-10-05,28.5,17.7,2023-10,2023
2023-10-06,30.5,17.6,2023-10,2023
2023-10-07,29.9,20.5,2023-10,2023
2023-10-08,27.0,20.1,2023-10,2023
2023-10-09,23.2,16.1,2023-10,2023
2023-10-10,24.2,16.1,2023-10,2023
2023-10-11,30.8,16.1,2023-10,2023
2023-10-12,29.9,18.6,2023-10,2023
2023-10-13,18.6,14.3,2023-10,2023
2023-10-14,19.6,14.2,2023-10,2023
2023-10-15,23.7,15.2,2023-10,2023
2023-10-16,30.5,17.5,2023-10,2023
2023-10-17,25.2,18.8,2023-10,2023
2023-10-18,23.1,16.7,2023-10,2023
2023-10-19,20.6,15.8,2023-10,2023
2023-10-20,21.1,15.3,2023-10,2023
2023-10-21,22.2,15.5,2023-10,2023
2023-10-22,25.8,15.4,2023-10,2023
2023-10-23,30.7,16.1,2023-10,2023
2023-10-24,32.0,18.4,2023-10,2023
2023-10-25,24.1,17.6,2023-10,2023
2023-10-26,24.1,16.7,2023-10,2023
2023-10-27,26.6,16.5,2023-10,2023
2023-10-28,27.7,19.2,2023-10,2023
2023-10-29,27.7,21.2,2023-10,2023
2023-10-30,28.3,20.6,2023-10,2023
2023-10-31,28.6,19.7,2023-10,2023
2023-11-01,22.1,16.4,2023-11,2023
2023-11-02,22.9,15.8,2023-11,2023
2023-11-03,29.9,16.8,2023-11,2023
2023-11-04,25.7,15.7,2023-11,2023
2023-11-05,22.7,13.2,2023-11,2023
2023-11-06,22.7,12.4,2023-11,2023
2023-11-07,26.0,12.8,2023-11,2023
2023-11-08,31.3,13.8,2023-11,2023
2023-11-09,31.9,16.2,2023-11,2023
2023-11-10,30.4,18.7,2023-11,2023
2023-11-11,33.5,19.8,2023-11,2023
2023-11-12,35.5,21.2,2023-11,2023
2023-11-13,36.9,21.5,2023-11,2023
2023-11-14,36.3,20.5,2023-11,2023
2023-11-15,34.6,21.1,2023-11,2023
2023-11-16,31.9,19.3,2023-11,2023
2023-11-17,34.9,21.2,2023-11,2023
2023-11-18,33.8,22.9,2023-11,2023
2023-11-19,26.5,18.9,2023-11,2023
2023-11-20,25.7,18.9,2023-11,2023
2023-11-21,29.7,18.5,2023-11,2023
2023-11-22,28.9,20.7,2023-11,2023
2023-11-23,27.5,20.3,2023-11,2023
2023-11-24,20.2,15.3,2023-11,2023
2023-11-25,19.6,14.7,2023-11,2023
2023-11-26,23.0,15.2,2023-11,2023
2023-11-27,25.7,17.3,2023-11,2023
2023-11-28,28.7,18.3,2023-11,2023
2023-11-29,26.7,19.8,2023-11,2023
2023-11-30,28.0,19.8,2023-11,2023
2023-12-01,29.1,19.8,2023-12,2023
2023-12-02,31.4,18.2,2023-12,2023
2023-12-03,32.5,18.5,2023-12,2023
2023-12-04,30.8,18.8,2023-12,2023
2023-12-05,28.0,20.4,2023-12,2023
2023-12-06,30.0,19.4,2023-12,2023
2023-12-07,32.5,21.5,2023-12,2023
2023-12-08,30.3,19.0,2023-12,2023
2023-12-09,21.7,17.6,2023-12,2023
2023-12-10,25.6,15.5,2023-12,2023
2023-12-11,26.7,17.5,2023-12,2023
2023-12-12,23.9,16.8,2023-12,2023
2023-12-13,29.4,16.1,2023-12,2023
2023-12-14,31.8,17.9,2023-12,2023
2023-12-15,33.2,19.6,2023-12,2023
2023-12-16,32.1,19.6,2023-12,2023
2023-12-17,30.8,20.7,2023-12,2023
2023-12-18,31.2,19.1,2023-12,2023
2023-12-19,31.0,17.7,2023-12,2023
2023-12-20,29.0,16.4,2023-12,2023
2023-12-21,30.0,17.3,2023-12,2023
2023-12-22,31.6,19.4,2023-12,2023
2023-12-23,29.5,19.4,2023-12,2023
2023-12-24,28.9,20.5,2023-12,2023
2023-12-25,31.8,19.2,2023-12,2023
2023-12-26,26.6,19.2,2023-12,2023
2023-12-27,25.7,16.7,2023-12,2023
2023-12-28,30.9,15.3,2023-12,2023
2023-12-29,34.4,16.7,2023-12,2023
2023-12-30,24.7,19.3,2023-12,2023
2023-12-31,26.5,16.2,2023-12,2023
2024-01-01,27.2,17.6,2024-01,2024
2024-01-02,28.9,17.8,2024-01,2024
2024-01-03,29.2,19.2,2024-01,2024
2024-01-04,25.5,19.7,2024-01,2024
2024-01-05,25.4,19.0,2024-01,2024
2024-01-06,26.7,18.5,2024-01,2024
2024-01-07,30.0,17.2,2024-01,2024
2024-01-08,32.1,19.6,2024-01,2024
2024-01-09,31.8,19.7,2024-01,2024
2024-01-10,31.0,19.1,2024-01,2024
2024-01-11,30.6,21.4,2024-01,2024
2024-01-12,26.0,21.1,2024-01,2024
2024-01-13,22.9,18.3,2024-01,2024
2024-01-14,29.1,16.5,2024-01,2024
2024-01-15,29.6,20.6,2024-01,2024
2024-01-16,30.9,21.3,2024-01,2024
2024-01-17,32.1,21.7,2024-01,2024
2024-01-18,32.2,20.4,2024-01,2024
2024-01-19,30.0,21.6,2024-01,2024
2024-01-20,29.3,21.4,2024-01,2024
2024-01-21,26.1,20.0,2024-01,2024
2024-01-22,24.9,18.4,2024-01,2024
2024-01-23,20.5,16.8,2024-01,2024
2024-01-24,23.1,14.2,2024-01,2024
2024-01-25,21.5,16.6,2024-01,2024
2024-01-26,22.0,16.2,2024-01,2024
2024-01-27,24.5,17.3,2024-01,2024
2024-01-28,25.5,17.4,2024-01,2024
2024-01-29,28.0,17.3,2024-01,2024
2024-01-30,28.8,17.5,2024-01,2024
2024-01-31,27.6,18.7,2024-01,2024
2024-02-01,25.3,17.7,2024-02,2024
2024-02-02,25.5,18.3,2024-02,2024
2024-02-03,25.4,18.1,2024-02,2024
2024-02-04,27.6,18.5,2024-02,2024
2024-02-05,28.1,16.1,2024-02,2024
2024-02-06,27.8,16.9,2024-02,2024
2024-02-07,30.0,17.6,2024-02,2024
2024-02-08,29.4,17.4,2024-02,2024
2024-02-09,30.9,18.5,2024-02,2024
2024-02-10,30.7,19.3,2024-02,2024
2024-02-11,30.9,18.4,2024-02,2024
2024-02-12,30.9,20.9,2024-02,2024
2024-02-13,33.0,21.5,2024-02,2024
2024-02-14,24.8,20.0,2024-02,2024
2024-02-15,22.2,18.3,2024-02,2024
2024-02-16,25.3,16.6,2024-02,2024
2024-02-17,26.4,16.4,2024-02,2024
2024-02-18,26.3,17.7,2024-02,2024
2024-02-19,27.6,18.9,2024-02,2024
2024-02-20,24.8,18.2,2024-02,2024
2024-02-21,26.1,18.9,2024-02,2024
2024-02-22,28.2,18.6,2024-02,2024
2024-02-23,29.8,20.6,2024-02,2024
2024-02-24,29.0,20.7,2024-02,2024
2024-02-25,27.6,20.5,2024-02,2024
2024-02-26,26.6,20.0,2024-02,2024
2024-02-27,30.1,20.0,2024-02,2024
2024-02-28,30.0,21.8,2024-02,2024
2024-02-29,29.6,20.8,2024-02,2024
2024-03-01,27.2,20.6,2024-03,2024
2024-03-02,26.6,18.2,2024-03,2024
2024-03-03,29.5,17.6,2024-03,2024
2024-03-04,29.7,17.8,2024-03,2024
2024-03-05,28.6,20.2,2024-03,2024
2024-03-06,24.8,19.7,2024-03,2024
2024-03-07,27.0,19.6,2024-03,2024
2024-03-08,27.8,20.3,2024-03,2024
2024-03-09,28.6,20.7,2024-03,2024
2024-03-10,27.2,20.8,2024-03,2024
2024-03-11,26.9,17.7,2024-03,2024
2024-03-12,27.4,16.6,2024-03,2024
2024-03-13,30.5,18.8,2024-03,2024
2024-03-14,30.8,19.7,2024-03,2024
2024-03-15,32.1,19.9,2024-03,2024
2024-03-16,31.0,21.0,2024-03,2024
2024-03-17,31.8,22.3,2024-03,2024
2024-03-18,29.6,20.4,2024-03,2024
2024-03-19,30.1,20.4,2024-03,2024
2024-03-20,30.1,20.4,2024-03,2024
2024-03-21,31.1,22.4,2024-03,2024
2024-03-22,22.5,17.4,2024-03,2024
2024-03-23,19.9,16.9,2024-03,2024
2024-03-24,23.9,16.8,2024-03,2024
2024-03-25,26.2,17.1,2024-03,2024
2024-03-26,25.5,15.6,2024-03,2024
2024-03-27,22.5,17.5,2024-03,2024
2024-03-28,22.3,17.6,2024-03,2024
2024-03-29,26.2,16.9,2024-03,2024
2024-03-30,26.2,17.7,2024-03,2024
2024-03-31,26.9,15.4,2024-03,2024
2024-04-01,26.7,16.0,2024-04,2024
2024-04-02,27.5,17.6,2024-04,2024
2024-04-03,28.0,17.5,2024-04,2024
2024-04-04,29.2,17.8,2024-04,2024
2024-04-05,29.2,16.8,2024-04,2024
2024-04-06,24.6,16.4,2024-04,2024
2024-04-07,27.4,17.9,2024-04,2024
2024-04-08,26.0,17.4,2024-04,2024
2024-04-09,26.5,18.8,2024-04,2024
2024-04-10,27.3,17.3,2024-04,2024
2024-04-11,26.9,18.2,2024-04,2024
2024-04-12,26.7,17.6,2024-04,2024
2024-04-13,27.0,16.7,2024-04,2024
2024-04-14,26.1,18.4,2024-04,2024
2024-04-15,25.8,19.6,2024-04,2024
2024-04-16,29.0,19.8,2024-04,2024
2024-04-17,27.7,19.8,2024-04,2024
2024-04-18,19.9,15.2,2024-04,2024
2024-04-19,22.0,12.0,2024-04,2024
2024-04-20,24.3,13.4,2024-04,2024
2024-04-21,26.0,15.0,2024-04,2024
2024-04-22,27.4,14.6,2024-04,2024
2024-04-23,28.4,14.4,2024-04,2024
2024-04-24,28.8,15.1,2024-04,2024
2024-04-25,26.7,19.2,2024-04,2024
2024-04-26,27.2,19.2,2024-04,2024
2024-04-27,30.0,17.9,2024-04,2024
2024-04-28,30.1,19.3,2024-04,2024
2024-04-29,30.2,18.3,2024-04,2024
2024-04-30,30.8,17.5,2024-04,2024
2024-05-01,30.5,17.4,2024-05,2024
2024-05-02,30.9,19.1,2024-05,2024
2024-05-03,30.2,17.2,2024-05,2024
2024-05-04,31.3,16.8,2024-05,2024
2024-05-05,30.7,16.1,2024-05,2024
2024-05-06,29.7,15.5,2024-05,2024
2024-05-07,30.1,17.8,2024-05,2024
2024-05-08,30.0,19.7,2024-05,2024
2024-05-09,29.6,18.0,2024-05,2024
2024-05-10,29.0,19.8,2024-05,2024
2024-05-11,29.4,17.1,2024-05,2024
2024-05-12,29.7,18.5,2024-05,2024
2024-05-13,30.0,20.2,2024-05,2024
2024-05-14,21.8,17.3,2024-05,2024
2024-05-15,19.6,16.4,2024-05,2024
2024-05-16,28.9,15.6,2024-05,2024
2024-05-17,29.9,19.1,2024-05,2024
2024-05-18,29.7,16.3,2024-05,2024
2024-05-19,25.5,18.7,2024-05,2024
2024-05-20,25.7,17.3,2024-05,2024
2024-05-21,24.6,16.4,2024-05,2024
2024-05-22,27.6,16.7,2024-05,2024
2024-05-23,27.3,15.8,2024-05,2024
2024-05-24,25.8,17.7,2024-05,2024
2024-05-25,21.1,14.2,2024-05,2024
2024-05-26,17.8,13.8,2024-05,2024
2024-05-27,21.6,14.8,2024-05,2024
2024-05-28,19.3,13.1,2024-05,2024
2024-05-29,18.5,8.8,2024-05,2024
2024-05-30,18.0,6.8,2024-05,2024
2024-05-31,19.5,11.6,2024-05,2024
2024-06-01,22.4,11.6,2024-06,2024
2024-06-02,24.3,9.8,2024-06,2024
2024-06-03,23.1,11.7,2024-06,2024
2024-06-04,17.3,14.4,2024-06,2024
2024-06-05,21.6,14.9,2024-06,2024
2024-06-06,24.2,11.0,2024-06,2024
2024-06-07,24.3,11.5,2024-06,2024
2024-06-08,24.7,12.5,2024-06,2024
2024-06-09,26.4,11.4,2024-06,2024
2024-06-10,26.4,15.0,2024-06,2024
2024-06-11,25.2,13.9,2024-06,2024
2024-06-12,26.5,13.0,2024-06,2024
2024-06-13,25.7,10.3,2024-06,2024
2024-06-14,26.4,15.4,2024-06,2024
2024-06-15,27.1,14.7,2024-06,2024
2024-06-16,26.9,12.9,2024-06,2024
2024-06-17,26.1,16.1,2024-06,2024
2024-06-18,25.3,14.6,2024-06,2024
2024-06-19,25.9,13.0,2024-06,2024
2024-06-20,26.1,10.8,2024-06,2024
2024-06-21,25.2,12.4,2024-06,2024
2024-06-22,26.3,12.1,2024-06,2024
2024-06-23,27.7,17.3,2024-06,2024
2024-06-24,27.7,15.0,2024-06,2024
2024-06-25,21.3,16.3,2024-06,2024
2024-06-26,27.8,15.6,2024-06,2024
2024-06-27,23.6,16.7,2024-06,2024
2024-06-28,25.8,15.3,2024-06,2024
2024-06-29,25.2,14.8,2024-06,2024
2024-06-30,16.0,12.1,2024-06,2024
2024-07-01,17.6,11.9,2024-07,2024
2024-07-02,24.4,11.6,2024-07,2024
2024-07-03,25.1,12.1,2024-07,2024
2024-07-04,25.7,12.2,2024-07,2024
2024-07-05,25.6,11.0,2024-07,2024
2024-07-06,22.0,14.7,2024-07,2024
2024-07-07,26.4,13.2,2024-07,2024
2024-07-08,19.3,13.2,2024-07,2024
2024-07-09,15.3,12.0,2024-07,2024
2024-07-10,21.6,13.5,2024-07,2024
2024-07-11,25.9,13.5,2024-07,2024
2024-07-12,20.7,14.5,2024-07,2024
2024-07-13,15.6,12.6,2024-07,2024
2024-07-14,24.3,13.6,2024-07,2024
2024-07-15,20.8,13.8,2024-07,2024
2024-07-16,21.1,13.9,2024-07,2024
2024-07-17,22.7,13.1,2024-07,2024
2024-07-18,23.1,12.5,2024-07,2024
2024-07-19,20.4,10.7,2024-07,2024
2024-07-20,20.4,10.4,2024-07,2024
2024-07-21,22.4,11.3,2024-07,2024
2024-07-22,24.8,9.4,2024-07,2024
2024-07-23,23.3,6.6,2024-07,2024
2024-07-24,23.4,10.6,2024-07,2024
2024-07-25,25.1,9.5,2024-07,2024
2024-07-26,25.0,11.6,2024-07,2024
2024-07-27,26.0,12.8,2024-07,2024
2024-07-28,27.9,11.5,2024-07,2024
2024-07-29,26.7,13.7,2024-07,2024
2024-07-30,16.6,13.8,2024-07,2024
2024-07-31,22.3,13.5,2024-07,2024
2024-08-01,24.4,13.1,2024-08,2024
2024-08-02,25.2,12.1,2024-08,2024
2024-08-03,27.1,12.4,2024-08,2024
2024-08-04,27.3,13.0,2024-08,2024
2024-08-05,28.0,14.7,2024-08,2024
2024-08-06,27.9,13.8,2024-08,2024
2024-08-07,27.9,16.8,2024-08,2024
2024-08-08,31.2,18.2,2024-08,2024
2024-08-09,19.8,15.0,2024-08,2024
2024-08-10,14.9,6.8,2024-08,2024
2024-08-11,19.9,6.2,2024-08,2024
2024-08-12,18.9,8.1,2024-08,2024
2024-08-13,14.1,6.4,2024-08,2024
2024-08-14,21.1,6.4,2024-08,2024
2024-08-15,27.3,9.0,2024-08,2024
2024-08-16,28.6,11.6,2024-08,2024
2024-08-17,29.2,13.6,2024-08,2024
2024-08-18,29.5,13.2,2024-08,2024
2024-08-19,30.0,12.7,2024-08,2024
2024-08-20,29.4,13.7,2024-08,2024
2024-08-21,27.8,14.3,2024-08,2024
2024-08-22,30.6,13.0,2024-08,2024
2024-08-23,32.4,15.5,2024-08,2024
2024-08-24,23.0,14.8,2024-08,2024
2024-08-25,15.3,9.3,2024-08,2024
2024-08-26,15.4,5.7,2024-08,2024
2024-08-27,18.5,1.7,2024-08,2024
2024-08-28,20.7,6.4,2024-08,2024
2024-08-29,25.6,11.4,2024-08,2024
2024-08-30,27.5,11.5,2024-08,2024
2024-08-31,28.0,12.0,2024-08,2024
2024-09-01,31.1,13.1,2024-09,2024
2024-09-02,30.2,14.6,2024-09,2024
2024-09-03,31.9,14.2,2024-09,2024
2024-09-04,31.6,16.4,2024-09,2024
2024-09-05,26.0,15.7,2024-09,2024
2024-09-06,24.2,15.3,2024-09,2024
2024-09-07,32.9,15.9,2024-09,2024
2024-09-08,32.5,16.8,2024-09,2024
2024-09-09,33.0,17.1,2024-09,2024
2024-09-10,33.1,15.4,2024-09,2024
2024-09-11,32.8,18.4,2024-09,2024
2024-09-12,33.2,19.3,2024-09,2024
2024-09-13,33.7,18.2,2024-09,2024
2024-09-14,33.4,20.1,2024-09,2024
2024-09-15,21.9,17.1,2024-09,2024
2024-09-16,18.2,14.3,2024-09,2024
2024-09-17,19.4,12.9,2024-09,2024
2024-09-18,22.2,13.5,2024-09,2024
2024-09-19,27.3,14.7,2024-09,2024
2024-09-20,32.7,15.5,2024-09,2024
2024-09-21,28.0,17.2,2024-09,2024
2024-09-22,31.4,16.3,2024-09,2024
2024-09-23,32.5,16.7,2024-09,2024
2024-09-24,34.1,17.0,2024-09,2024
2024-09-25,35.4,17.5,2024-09,2024
2024-09-26,36.1,18.9,2024-09,2024
2024-09-27,28.0,16.1,2024-09,2024
2024-09-28,23.8,14.7,2024-09,2024
2024-09-29,29.3,15.6,2024-09,2024
2024-09-30,32.7,15.4,2024-09,2024
2024-10-01,34.6,18.1,2024-10,2024
2024-10-02,36.7,18.7,2024-10,2024
2024-10-03,23.4,15.3,2024-10,2024
2024-10-04,19.3,14.5,2024-10,2024
2024-10-05,24.0,14.4,2024-10,2024
2024-10-06,25.6,14.0,2024-10,2024
2024-10-07,26.8,13.1,2024-10,2024
2024-10-08,34.0,13.8,2024-10,2024
2024-10-09,23.8,14.6,2024-10,2024
2024-10-10,27.7,16.9,2024-10,2024
2024-10-11,27.6,19.1,2024-10,2024
2024-10-12,27.1,16.5,2024-10,2024
2024-10-13,25.2,16.0,2024-10,2024
2024-10-14,25.4,15.8,2024-10,2024
2024-10-15,28.1,14.9,2024-10,2024
2024-10-16,27.8,15.5,2024-10,2024
2024-10-17,29.6,16.3,2024-10,2024
2024-10-18,29.0,15.2,2024-10,2024
2024-10-19,19.9,14.4,2024-10,2024
2024-10-20,20.6,14.4,2024-10,2024
2024-10-21,26.2,17.0,2024-10,2024
2024-10-22,29.7,17.9,2024-10,2024
2024-10-23,27.3,18.9,2024-10,2024
2024-10-24,28.4,20.5,2024-10,2024
2024-10-25,26.3,20.8,2024-10,2024
2024-10-26,29.2,18.0,2024-10,2024
2024-10-27,19.8,16.1,2024-10,2024
2024-10-28,22.5,15.1,2024-10,2024
2024-10-29,23.7,16.0,2024-10,2024
2024-10-30,25.3,16.0,2024-10,2024
2024-10-31,25.1,14.4,2024-10,2024
2024-11-01,27.8,15.0,2024-11,2024
2024-11-02,29.4,17.6,2024-11,2024
2024-11-03,22.3,19.1,2024-11,2024
2024-11-04,23.6,18.8,2024-11,2024
2024-11-05,25.5,18.3,2024-11,2024
2024-11-06,26.2,19.4,2024-11,2024
2024-11-07,23.9,19.4,2024-11,2024
2024-11-08,23.3,17.4,2024-11,2024
2024-11-09,21.3,15.4,2024-11,2024
2024-11-10,22.5,12.9,2024-11,2024
2024-11-11,27.9,13.8,2024-11,2024
2024-11-12,31.5,15.1,2024-11,2024
2024-11-13,21.3,15.3,2024-11,2024
2024-11-14,21.6,14.8,2024-11,2024
2024-11-15,27.1,16.4,2024-11,2024
2024-11-16,24.4,18.8,2024-11,2024
2024-11-17,26.1,17.4,2024-11,2024
2024-11-18,29.8,16.6,2024-11,2024
2024-11-19,30.9,17.4,2024-11,2024
2024-11-20,31.4,17.5,2024-11,2024
2024-11-21,27.0,19.3,2024-11,2024
2024-11-22,23.8,18.9,2024-11,2024
2024-11-23,24.4,17.2,2024-11,2024
2024-11-24,24.9,15.2,2024-11,2024
2024-11-25,29.5,14.9,2024-11,2024
2024-11-26,31.7,17.8,2024-11,2024
2024-11-27,33.8,21.2,2024-11,2024
2024-11-28,34.2,22.3,2024-11,2024
2024-11-29,26.9,20.8,2024-11,2024
2024-11-30,28.6,20.7,2024-11,2024
2024-12-01,30.7,19.2,2024-12,2024
2024-12-02,31.0,21.1,2024-12,2024
2024-12-03,24.5,19.8,2024-12,2024
2024-12-04,21.0,17.5,2024-12,2024
2024-12-05,27.8,17.2,2024-12,2024
2024-12-06,30.0,20.0,2024-12,2024
2024-12-07,31.6,22.2,2024-12,2024
2024-12-08,28.5,20.9,2024-12,2024
2024-12-09,27.6,20.8,2024-12,2024
2024-12-10,27.2,17.7,2024-12,2024
2024-12-11,23.6,16.4,2024-12,2024
2024-12-12,25.8,15.9,2024-12,2024
2024-12-13,26.8,17.1,2024-12,2024
2024-12-14,25.9,19.5,2024-12,2024
2024-12-15,26.6,19.3,2024-12,2024
2024-12-16,28.8,19.2,2024-12,2024
2024-12-17,30.3,18.3,2024-12,2024
2024-12-18,29.7,16.9,2024-12,2024
2024-12-19,32.0,18.0,2024-12,2024
2024-12-20,31.5,21.3,2024-12,2024
2024-12-21,28.3,19.5,2024-12,2024
2024-12-22,26.6,18.9,2024-12,2024
2024-12-23,24.9,19.1,2024-12,2024
2024-12-24,26.2,17.3,2024-12,2024
2024-12-25,30.5,18.4,2024-12,2024
2024-12-26,25.4,20.5,2024-12,2024
2024-12-27,25.8,20.1,2024-12,2024
2024-12-28,28.5,19.4,2024-12,2024
2024-12-29,28.1,19.6,2024-12,2024
2024-12-30,26.9,18.7,2024-12,2024
2024-12-31,28.4,18.1,2024-12,2024
2025-01-01,28.8,18.4,2025-01,2025
2025-01-02,28.9,19.3,2025-01,2025
2025-01-03,27.9,19.7,2025-01,2025
2025-01-04,27.4,18.9,2025-01,2025
2025-01-05,29.9,17.6,2025-01,2025
2025-01-06,31.0,18.9,2025-01,2025
2025-01-07,29.7,19.5,2025-01,2025
2025-01-08,27.8,18.8,2025-01,2025
2025-01-09,25.4,18.2,2025-01,2025
2025-01-10,27.4,17.0,2025-01,2025
2025-01-11,30.0,16.0,2025-01,2025
2025-01-12,26.2,17.6,2025-01,2025
2025-01-13,26.1,16.3,2025-01,2025
2025-01-14,24.8,15.7,2025-01,2025
2025-01-15,29.0,17.8,2025-01,2025
2025-01-16,29.5,19.8,2025-01,2025
2025-01-17,27.5,20.9,2025-01,2025
2025-01-18,29.7,20.4,2025-01,2025
2025-01-19,31.7,21.6,2025-01,2025
2025-01-20,31.5,22.0,2025-01,2025
2025-01-21,32.2,23.2,2025-01,2025
2025-01-22,33.8,22.0,2025-01,2025
2025-01-23,30.8,21.7,2025-01,2025
2025-01-24,30.2,20.5,2025-01,2025
2025-01-25,30.8,19.6,2025-01,2025
2025-01-26,29.7,20.8,2025-01,2025
2025-01-27,26.1,19.2,2025-01,2025
2025-01-28,26.8,19.5,2025-01,2025
2025-01-29,26.5,20.7,2025-01,2025
2025-01-30,25.9,20.3,2025-01,2025
2025-01-31,25.4,19.8,2025-01,2025
2025-02-01,24.0,19.9,2025-02,2025
2025-02-02,26.7,19.5,2025-02,2025
2025-02-03,25.9,20.8,2025-02,2025
2025-02-04,28.5,20.1,2025-02,2025
2025-02-05,28.8,19.8,2025-02,2025
2025-02-06,29.7,19.7,2025-02,2025
2025-02-07,31.2,19.8,2025-02,2025
2025-02-08,29.6,21.1,2025-02,2025
2025-02-09,32.3,19.6,2025-02,2025
2025-02-10,31.4,19.9,2025-02,2025
2025-02-11,32.3,19.9,2025-02,2025
2025-02-12,32.4,21.4,2025-02,2025
2025-02-13,32.1,20.9,2025-02,2025
2025-02-14,29.4,20.6,2025-02,2025
2025-02-15,29.2,19.7,2025-02,2025
2025-02-16,32.3,21.5,2025-02,2025
2025-02-17,33.9,22.1,2025-02,2025
2025-02-18,33.4,22.2,2025-02,2025
2025-02-19,31.3,20.7,2025-02,2025
2025-02-20,31.5,21.1,2025-02,2025
2025-02-21,30.2,22.1,2025-02,2025
2025-02-22,28.5,21.0,2025-02,2025
2025-02-23,29.8,20.5,2025-02,2025
2025-02-24,30.9,20.2,2025-02,2025
2025-02-25,33.1,20.4,2025-02,2025
2025-02-26,33.7,20.7,2025-02,2025
2025-02-27,33.6,21.3,2025-02,2025
2025-02-28,32.4,20.8,2025-02,2025
